observation_id,segment,quarter,market_sentiment,adoption_rate,volatility,confidence_score,sample_size
MKT-0000,tech,Q4,0.352,0.4117,0.35,0.316,383
MKT-0001,finance,Q3,0.685,0.4336,0.3,0.502,366
MKT-0002,finance,Q3,0.507,0.775,0.3,0.398,388
MKT-0003,healthcare,Q4,0.443,0.5393,0.2,0.551,122
MKT-0004,healthcare,Q1,0.479,0.5105,0.2,0.497,252
MKT-0005,consumer,Q4,0.545,0.6874,0.15,0.548,313
MKT-0006,tech,Q4,0.623,1.0,0.35,0.321,143
MKT-0007,finance,Q3,0.3,0.1029,0.3,0.406,103
MKT-0008,energy,Q3,0.292,0.7502,0.45,0.3,111
MKT-0009,tech,Q3,0.721,0.0,0.35,0.311,405
MKT-0010,healthcare,Q2,0.418,0.6761,0.2,0.494,345
MKT-0011,consumer,Q4,0.217,0.8588,0.15,0.519,176
MKT-0012,finance,Q1,0.589,0.5649,0.3,0.515,381
MKT-0013,finance,Q2,0.593,0.5401,0.3,0.396,362
MKT-0014,finance,Q3,0.194,0.3209,0.3,0.477,417
MKT-0015,finance,Q4,0.546,0.4412,0.3,0.39,459
MKT-0016,healthcare,Q2,0.647,0.6167,0.2,0.513,447
MKT-0017,tech,Q2,0.575,0.2511,0.35,0.3,131
MKT-0018,consumer,Q1,0.626,0.6205,0.15,0.528,396
MKT-0019,healthcare,Q1,0.219,0.5725,0.2,0.511,226
MKT-0020,healthcare,Q1,0.566,0.4315,0.2,0.579,231
MKT-0021,energy,Q1,0.439,0.0,0.45,0.3,341
MKT-0022,tech,Q4,0.403,0.0,0.35,0.419,320
MKT-0023,consumer,Q4,0.674,0.7497,0.15,0.582,238
MKT-0024,finance,Q4,0.796,0.633,0.3,0.481,499
MKT-0025,finance,Q1,0.859,0.5283,0.3,0.397,128
MKT-0026,healthcare,Q1,0.763,0.8075,0.2,0.62,93
MKT-0027,consumer,Q2,0.478,0.7249,0.15,0.526,63
MKT-0028,healthcare,Q3,0.571,0.794,0.2,0.462,416
MKT-0029,healthcare,Q2,0.653,0.7288,0.2,0.439,232
MKT-0030,healthcare,Q2,0.524,0.6303,0.2,0.617,246
MKT-0031,energy,Q1,0.526,0.0701,0.45,0.3,342
MKT-0032,tech,Q3,0.665,1.0,0.35,0.333,245
MKT-0033,healthcare,Q2,0.488,0.5528,0.2,0.562,308
MKT-0034,consumer,Q1,0.354,0.5232,0.15,0.584,76
MKT-0035,tech,Q3,0.417,0.7145,0.35,0.448,120
MKT-0036,consumer,Q4,0.627,0.7218,0.15,0.473,469
MKT-0037,consumer,Q1,0.501,0.4344,0.15,0.537,252
MKT-0038,energy,Q2,0.568,0.8904,0.45,0.3,125
MKT-0039,finance,Q4,0.634,0.4168,0.3,0.301,216
MKT-0040,tech,Q3,0.425,0.1749,0.35,0.403,200
MKT-0041,finance,Q4,0.651,0.8043,0.3,0.386,173
MKT-0042,finance,Q2,0.576,0.6741,0.3,0.437,182
MKT-0043,energy,Q2,0.253,0.0,0.45,0.368,378
MKT-0044,tech,Q3,0.788,1.0,0.35,0.332,98
MKT-0045,consumer,Q1,0.4,0.7288,0.15,0.529,189
MKT-0046,healthcare,Q1,0.169,0.5233,0.2,0.506,260
MKT-0047,consumer,Q3,0.291,0.9822,0.15,0.599,293
MKT-0048,finance,Q3,0.296,0.5522,0.3,0.372,446
MKT-0049,finance,Q1,0.51,0.3981,0.3,0.368,465
MKT-0050,finance,Q3,0.445,0.3287,0.3,0.453,183
MKT-0051,tech,Q2,0.433,0.7085,0.35,0.369,292
MKT-0052,energy,Q3,0.624,0.6681,0.45,0.3,60
MKT-0053,healthcare,Q4,0.568,0.6081,0.2,0.439,327
MKT-0054,healthcare,Q1,0.563,0.4265,0.2,0.575,118
MKT-0055,tech,Q4,0.582,0.5228,0.35,0.37,82
MKT-0056,healthcare,Q2,0.623,0.6495,0.2,0.462,352
MKT-0057,tech,Q4,0.078,0.0,0.35,0.341,130
MKT-0058,finance,Q2,0.427,0.0225,0.3,0.401,264
MKT-0059,finance,Q2,0.064,0.5791,0.3,0.437,95
MKT-0060,consumer,Q4,0.507,0.2758,0.15,0.482,385
MKT-0061,finance,Q3,0.499,0.5965,0.3,0.358,394
MKT-0062,energy,Q1,0.709,0.1212,0.45,0.3,308
MKT-0063,consumer,Q3,0.738,1.0,0.15,0.545,426
MKT-0064,healthcare,Q4,0.541,0.5024,0.2,0.529,246
MKT-0065,energy,Q2,0.4,0.6568,0.45,0.3,133
MKT-0066,consumer,Q4,0.597,0.62,0.15,0.568,118
MKT-0067,energy,Q3,0.394,0.4703,0.45,0.305,148
MKT-0068,tech,Q2,0.5,0.7729,0.35,0.374,140
MKT-0069,healthcare,Q1,0.697,0.5121,0.2,0.507,195
MKT-0070,finance,Q3,0.388,0.8172,0.3,0.395,146
MKT-0071,tech,Q1,0.661,0.1214,0.35,0.308,315
MKT-0072,healthcare,Q4,0.635,0.6742,0.2,0.496,116
MKT-0073,tech,Q3,0.309,0.8693,0.35,0.413,329
MKT-0074,finance,Q2,0.695,0.7022,0.3,0.394,200
MKT-0075,healthcare,Q1,0.64,0.9792,0.2,0.456,359
MKT-0076,energy,Q3,0.52,0.0945,0.45,0.3,280
MKT-0077,energy,Q1,0.348,0.0,0.45,0.3,457
MKT-0078,healthcare,Q2,0.328,0.4204,0.2,0.481,247
MKT-0079,finance,Q4,0.392,0.607,0.3,0.424,182
MKT-0080,consumer,Q4,0.609,0.756,0.15,0.576,315
MKT-0081,healthcare,Q4,0.309,0.5868,0.2,0.544,346
MKT-0082,tech,Q4,0.588,0.0851,0.35,0.421,247
MKT-0083,consumer,Q3,0.252,0.8528,0.15,0.6,301
MKT-0084,finance,Q1,0.459,0.0315,0.3,0.353,261
MKT-0085,finance,Q4,0.522,0.776,0.3,0.355,187
MKT-0086,tech,Q4,0.989,1.0,0.35,0.346,191
MKT-0087,energy,Q4,0.225,0.4486,0.45,0.3,458
MKT-0088,finance,Q3,0.794,0.7541,0.3,0.343,353
MKT-0089,consumer,Q1,0.53,0.5756,0.15,0.528,92
MKT-0090,healthcare,Q3,0.582,0.3553,0.2,0.476,482
MKT-0091,consumer,Q2,0.524,0.6281,0.15,0.516,370
MKT-0092,consumer,Q4,0.589,0.5144,0.15,0.534,72
MKT-0093,energy,Q2,0.469,0.0,0.45,0.309,377
MKT-0094,consumer,Q2,0.791,1.0,0.15,0.56,315
MKT-0095,energy,Q1,0.409,0.4141,0.45,0.374,461
MKT-0096,energy,Q4,0.726,0.5298,0.45,0.3,270
MKT-0097,finance,Q4,0.371,0.313,0.3,0.385,283
MKT-0098,finance,Q1,0.488,0.3513,0.3,0.4,191
MKT-0099,tech,Q2,0.286,0.8204,0.35,0.363,194
MKT-0100,consumer,Q2,0.591,0.7238,0.15,0.572,328
MKT-0101,tech,Q2,0.789,0.7441,0.35,0.454,422
MKT-0102,consumer,Q4,0.485,0.6333,0.15,0.508,450
MKT-0103,tech,Q1,0.461,0.3193,0.35,0.393,396
MKT-0104,finance,Q2,0.277,0.0195,0.3,0.41,324
MKT-0105,finance,Q1,0.454,0.0,0.3,0.321,275
MKT-0106,finance,Q1,0.181,0.2787,0.3,0.439,202
MKT-0107,finance,Q4,0.317,0.4146,0.3,0.463,395
MKT-0108,healthcare,Q4,0.545,0.3446,0.2,0.457,193
MKT-0109,finance,Q1,0.764,0.4342,0.3,0.4,170
MKT-0110,energy,Q3,1.0,0.5342,0.45,0.3,440
MKT-0111,finance,Q1,0.383,0.0,0.3,0.337,315
MKT-0112,healthcare,Q1,0.787,0.435,0.2,0.552,209
MKT-0113,healthcare,Q2,0.549,0.7338,0.2,0.477,439
MKT-0114,healthcare,Q1,0.47,0.6479,0.2,0.445,483
MKT-0115,healthcare,Q2,0.587,0.4272,0.2,0.511,193
MKT-0116,tech,Q4,0.512,0.5223,0.35,0.324,284
MKT-0117,tech,Q3,0.522,0.9362,0.35,0.326,267
MKT-0118,energy,Q3,0.418,0.7724,0.45,0.3,365
MKT-0119,tech,Q2,0.22,0.4397,0.35,0.3,477
MKT-0120,healthcare,Q1,0.191,0.4351,0.2,0.455,296
MKT-0121,finance,Q1,0.631,0.2358,0.3,0.408,409
MKT-0122,finance,Q2,0.445,0.607,0.3,0.448,318
MKT-0123,healthcare,Q1,0.381,0.5961,0.2,0.562,449
MKT-0124,consumer,Q4,0.502,0.7597,0.15,0.517,232
MKT-0125,healthcare,Q4,0.659,0.6452,0.2,0.547,223
MKT-0126,tech,Q4,0.536,0.757,0.35,0.311,240
MKT-0127,finance,Q3,0.369,0.5437,0.3,0.491,498
MKT-0128,healthcare,Q3,0.745,0.8987,0.2,0.443,325
MKT-0129,finance,Q3,0.816,0.8436,0.3,0.466,118
MKT-0130,healthcare,Q2,0.599,0.4989,0.2,0.467,68
MKT-0131,healthcare,Q3,0.695,0.3726,0.2,0.601,283
MKT-0132,tech,Q4,0.748,1.0,0.35,0.38,412
MKT-0133,healthcare,Q4,0.726,0.6802,0.2,0.449,265
MKT-0134,finance,Q3,0.623,0.0391,0.3,0.374,302
MKT-0135,energy,Q1,0.62,0.0017,0.45,0.3,409
MKT-0136,finance,Q3,0.604,0.7822,0.3,0.453,282
MKT-0137,tech,Q2,0.281,0.3842,0.35,0.346,458
MKT-0138,energy,Q3,0.64,0.2256,0.45,0.3,337
MKT-0139,healthcare,Q3,0.229,0.9445,0.2,0.538,379
MKT-0140,consumer,Q4,0.341,0.4841,0.15,0.557,401
MKT-0141,energy,Q2,0.761,0.0549,0.45,0.3,332
MKT-0142,energy,Q4,0.668,0.4453,0.45,0.3,72
MKT-0143,healthcare,Q4,0.797,0.7177,0.2,0.512,242
MKT-0144,consumer,Q2,0.446,0.7813,0.15,0.611,113
MKT-0145,consumer,Q2,0.27,0.8171,0.15,0.631,279
MKT-0146,tech,Q3,0.452,0.6373,0.35,0.389,114
MKT-0147,energy,Q4,0.52,0.5483,0.45,0.3,279
MKT-0148,consumer,Q3,0.516,0.7385,0.15,0.587,204
MKT-0149,tech,Q4,0.727,0.521,0.35,0.317,59
MKT-0150,consumer,Q2,0.428,0.7203,0.15,0.542,106
MKT-0151,energy,Q3,0.57,0.5424,0.45,0.3,276
MKT-0152,consumer,Q2,0.302,0.8012,0.15,0.488,85
MKT-0153,energy,Q4,0.59,0.5883,0.45,0.3,435
MKT-0154,healthcare,Q2,0.501,0.6539,0.2,0.509,391
MKT-0155,finance,Q3,0.35,0.2698,0.3,0.434,369
MKT-0156,tech,Q1,0.453,0.4616,0.35,0.377,127
MKT-0157,healthcare,Q4,0.463,0.5839,0.2,0.512,408
MKT-0158,healthcare,Q2,0.446,0.6755,0.2,0.528,335
MKT-0159,finance,Q2,0.854,1.0,0.3,0.398,225
MKT-0160,consumer,Q3,0.48,0.6935,0.15,0.571,50
MKT-0161,finance,Q2,0.451,0.5944,0.3,0.364,288
MKT-0162,healthcare,Q4,0.081,0.7458,0.2,0.518,408
MKT-0163,healthcare,Q3,0.321,0.6978,0.2,0.533,65
MKT-0164,healthcare,Q3,0.447,1.0,0.2,0.467,73
MKT-0165,consumer,Q1,0.363,0.5677,0.15,0.553,222
MKT-0166,energy,Q1,0.776,0.4923,0.45,0.3,280
MKT-0167,tech,Q2,0.467,0.2305,0.35,0.324,263
MKT-0168,energy,Q4,0.758,0.2055,0.45,0.3,241
MKT-0169,tech,Q4,0.512,0.554,0.35,0.413,164
MKT-0170,tech,Q3,0.507,0.8723,0.35,0.403,76
MKT-0171,tech,Q3,0.482,0.684,0.35,0.377,64
MKT-0172,finance,Q2,0.501,0.8528,0.3,0.499,94
MKT-0173,finance,Q1,0.844,0.4281,0.3,0.391,360
MKT-0174,finance,Q1,0.036,0.2358,0.3,0.552,403
MKT-0175,healthcare,Q2,0.1,1.0,0.2,0.489,245
MKT-0176,finance,Q2,0.391,0.577,0.3,0.413,84
MKT-0177,tech,Q1,0.503,0.1936,0.35,0.33,237
MKT-0178,consumer,Q2,0.638,0.6316,0.15,0.569,493
MKT-0179,healthcare,Q1,0.595,0.4007,0.2,0.542,162
MKT-0180,consumer,Q3,0.423,0.904,0.15,0.544,271
MKT-0181,tech,Q4,0.704,0.368,0.35,0.439,292
MKT-0182,healthcare,Q3,0.706,0.7614,0.2,0.512,198
MKT-0183,finance,Q2,0.537,0.4615,0.3,0.414,247
MKT-0184,healthcare,Q2,0.693,0.8202,0.2,0.455,262
MKT-0185,healthcare,Q2,0.555,0.4838,0.2,0.521,263
MKT-0186,tech,Q1,0.388,0.0517,0.35,0.343,372
MKT-0187,energy,Q3,0.64,0.5569,0.45,0.3,311
MKT-0188,energy,Q3,0.522,0.7088,0.45,0.3,74
MKT-0189,energy,Q1,0.5,0.4547,0.45,0.384,52
MKT-0190,finance,Q2,0.795,0.2764,0.3,0.387,234
MKT-0191,finance,Q2,0.01,0.6047,0.3,0.327,458
MKT-0192,finance,Q1,0.216,0.1393,0.3,0.365,66
MKT-0193,energy,Q3,0.263,0.1647,0.45,0.3,81
MKT-0194,consumer,Q3,0.427,0.6225,0.15,0.577,355
MKT-0195,tech,Q3,0.449,1.0,0.35,0.378,252
MKT-0196,energy,Q3,0.199,0.6748,0.45,0.3,153
MKT-0197,tech,Q4,0.303,0.6472,0.35,0.318,143
MKT-0198,energy,Q4,0.328,0.8604,0.45,0.3,349
MKT-0199,consumer,Q3,0.991,1.0,0.15,0.506,285
MKT-0200,energy,Q4,0.86,0.0,0.45,0.3,337
MKT-0201,consumer,Q2,0.418,0.5919,0.15,0.504,176
MKT-0202,healthcare,Q4,0.427,0.4609,0.2,0.441,286
MKT-0203,finance,Q4,0.27,0.1353,0.3,0.453,437
MKT-0204,healthcare,Q3,0.118,0.4322,0.2,0.534,192
MKT-0205,energy,Q4,0.477,0.1866,0.45,0.3,228
MKT-0206,finance,Q3,0.3,0.1401,0.3,0.402,123
MKT-0207,consumer,Q3,0.483,0.8227,0.15,0.589,337
MKT-0208,energy,Q2,0.18,0.3503,0.45,0.3,64
MKT-0209,finance,Q4,0.348,0.5464,0.3,0.443,161
MKT-0210,energy,Q3,0.53,0.6679,0.45,0.3,370
MKT-0211,finance,Q4,0.573,0.6169,0.3,0.431,58
MKT-0212,finance,Q2,0.583,0.3755,0.3,0.419,495
MKT-0213,healthcare,Q4,0.236,0.9796,0.2,0.451,231
MKT-0214,finance,Q1,0.671,0.501,0.3,0.325,229
MKT-0215,energy,Q1,0.34,0.0,0.45,0.3,291
MKT-0216,tech,Q3,0.627,0.2432,0.35,0.378,337
MKT-0217,tech,Q3,0.498,0.0,0.35,0.385,256
MKT-0218,healthcare,Q4,0.225,0.5572,0.2,0.432,447
MKT-0219,consumer,Q2,0.437,0.6872,0.15,0.501,482
MKT-0220,tech,Q3,0.573,0.422,0.35,0.314,140
MKT-0221,healthcare,Q3,0.623,1.0,0.2,0.482,368
MKT-0222,finance,Q4,0.472,0.5855,0.3,0.332,185
MKT-0223,energy,Q3,0.806,0.8077,0.45,0.3,498
MKT-0224,finance,Q2,0.702,0.2259,0.3,0.359,163
MKT-0225,energy,Q4,0.449,0.0,0.45,0.3,182
MKT-0226,consumer,Q1,0.65,0.673,0.15,0.491,371
MKT-0227,healthcare,Q4,0.887,0.6876,0.2,0.494,405
MKT-0228,healthcare,Q1,0.892,0.2626,0.2,0.553,107
MKT-0229,tech,Q2,0.254,0.4151,0.35,0.3,300
MKT-0230,healthcare,Q4,0.315,0.57,0.2,0.49,205
MKT-0231,consumer,Q3,0.797,0.7873,0.15,0.601,325
MKT-0232,tech,Q4,0.288,0.1486,0.35,0.329,300
MKT-0233,finance,Q3,0.235,0.3335,0.3,0.371,493
MKT-0234,healthcare,Q3,0.403,0.655,0.2,0.558,470
MKT-0235,finance,Q2,0.584,0.5148,0.3,0.385,344
MKT-0236,finance,Q1,0.48,0.5834,0.3,0.455,355
MKT-0237,healthcare,Q1,0.37,0.7717,0.2,0.521,454
MKT-0238,energy,Q2,0.365,0.2223,0.45,0.3,132
MKT-0239,finance,Q1,0.358,0.2468,0.3,0.424,376
MKT-0240,tech,Q3,0.324,0.7018,0.35,0.366,397
MKT-0241,healthcare,Q4,0.956,0.7856,0.2,0.551,107
MKT-0242,tech,Q4,0.56,0.322,0.35,0.323,446
MKT-0243,finance,Q2,0.677,0.7387,0.3,0.402,364
MKT-0244,finance,Q4,0.402,0.7042,0.3,0.397,206
MKT-0245,tech,Q4,0.463,0.9115,0.35,0.385,267
MKT-0246,finance,Q4,0.357,0.9371,0.3,0.349,270
MKT-0247,healthcare,Q2,0.0,0.3967,0.2,0.551,463
MKT-0248,finance,Q2,0.224,0.4378,0.3,0.423,486
MKT-0249,tech,Q4,0.138,0.4146,0.35,0.3,413
MKT-0250,tech,Q1,0.05,0.3432,0.35,0.41,343
MKT-0251,healthcare,Q2,0.261,0.4793,0.2,0.612,96
MKT-0252,tech,Q1,0.765,0.0,0.35,0.4,461
MKT-0253,energy,Q4,0.491,0.3654,0.45,0.321,110
MKT-0254,finance,Q3,0.758,0.3432,0.3,0.404,125
MKT-0255,tech,Q1,0.582,0.4874,0.35,0.3,81
MKT-0256,finance,Q1,0.657,0.1903,0.3,0.308,476
MKT-0257,tech,Q3,0.32,0.1631,0.35,0.363,271
MKT-0258,tech,Q3,0.605,0.6727,0.35,0.32,156
MKT-0259,healthcare,Q4,0.646,0.647,0.2,0.454,86
MKT-0260,finance,Q2,0.385,0.6315,0.3,0.397,235
MKT-0261,tech,Q4,0.612,1.0,0.35,0.381,375
MKT-0262,energy,Q2,0.613,0.5168,0.45,0.3,497
MKT-0263,consumer,Q4,0.39,0.7213,0.15,0.528,298
MKT-0264,consumer,Q1,0.275,0.4497,0.15,0.625,323
MKT-0265,healthcare,Q1,0.263,0.2821,0.2,0.446,426
MKT-0266,healthcare,Q1,0.517,0.8942,0.2,0.543,455
MKT-0267,energy,Q2,0.565,0.0,0.45,0.3,175
MKT-0268,finance,Q4,0.341,0.088,0.3,0.427,496
MKT-0269,healthcare,Q1,0.505,0.568,0.2,0.555,283
MKT-0270,energy,Q2,0.614,0.3515,0.45,0.3,468
MKT-0271,tech,Q1,0.624,0.1477,0.35,0.395,102
MKT-0272,tech,Q4,0.81,0.4048,0.35,0.3,93
MKT-0273,consumer,Q3,0.755,0.9977,0.15,0.606,448
MKT-0274,healthcare,Q4,0.3,0.4038,0.2,0.457,352
MKT-0275,healthcare,Q3,0.837,0.4768,0.2,0.513,128
MKT-0276,healthcare,Q3,0.394,0.8776,0.2,0.513,452
MKT-0277,finance,Q4,0.709,0.604,0.3,0.424,96
MKT-0278,tech,Q1,0.514,0.2299,0.35,0.367,357
MKT-0279,tech,Q4,0.418,0.0,0.35,0.308,142
MKT-0280,energy,Q3,0.138,0.0457,0.45,0.3,81
MKT-0281,healthcare,Q3,0.466,0.6889,0.2,0.544,412
MKT-0282,finance,Q2,0.188,0.7779,0.3,0.409,431
MKT-0283,healthcare,Q4,0.693,0.4167,0.2,0.557,97
MKT-0284,healthcare,Q2,0.803,0.6736,0.2,0.498,91
MKT-0285,consumer,Q1,0.341,0.7224,0.15,0.48,326
MKT-0286,tech,Q4,0.56,0.0,0.35,0.398,62
MKT-0287,healthcare,Q1,0.355,0.76,0.2,0.481,385
MKT-0288,healthcare,Q1,0.374,0.3197,0.2,0.517,462
MKT-0289,healthcare,Q3,0.655,0.7946,0.2,0.468,387
MKT-0290,consumer,Q1,0.492,0.6808,0.15,0.632,153
MKT-0291,energy,Q4,0.848,0.8653,0.45,0.3,135
MKT-0292,consumer,Q2,0.404,0.7832,0.15,0.533,356
MKT-0293,energy,Q1,0.7,0.0,0.45,0.3,77
MKT-0294,healthcare,Q4,0.519,0.441,0.2,0.445,291
MKT-0295,healthcare,Q3,0.659,0.7565,0.2,0.517,251
MKT-0296,consumer,Q2,0.411,0.6723,0.15,0.631,385
MKT-0297,healthcare,Q3,0.49,0.799,0.2,0.475,141
MKT-0298,energy,Q3,0.477,0.7867,0.45,0.3,393
MKT-0299,tech,Q1,0.333,0.6329,0.35,0.3,364
MKT-0300,energy,Q4,0.632,0.2484,0.45,0.3,157
MKT-0301,consumer,Q2,0.63,0.4576,0.15,0.534,210
MKT-0302,tech,Q3,0.619,0.4334,0.35,0.309,79
MKT-0303,consumer,Q4,0.807,0.7736,0.15,0.604,252
MKT-0304,healthcare,Q3,0.79,0.5304,0.2,0.484,167
MKT-0305,tech,Q3,0.425,0.7847,0.35,0.341,101
MKT-0306,energy,Q2,0.575,0.795,0.45,0.3,301
MKT-0307,healthcare,Q1,0.375,0.5817,0.2,0.404,305
MKT-0308,energy,Q2,0.505,0.0,0.45,0.3,88
MKT-0309,tech,Q4,0.38,0.0,0.35,0.398,133
MKT-0310,finance,Q3,0.824,1.0,0.3,0.3,87
MKT-0311,finance,Q2,0.573,0.3219,0.3,0.362,355
MKT-0312,tech,Q4,0.456,0.0,0.35,0.33,202
MKT-0313,energy,Q4,0.739,0.9167,0.45,0.337,82
MKT-0314,energy,Q4,0.066,0.2659,0.45,0.3,136
MKT-0315,finance,Q2,0.097,0.7461,0.3,0.372,489
MKT-0316,finance,Q3,0.659,0.642,0.3,0.465,165
MKT-0317,finance,Q3,0.512,0.6744,0.3,0.363,358
MKT-0318,consumer,Q2,0.55,0.777,0.15,0.6,260
MKT-0319,finance,Q2,0.235,0.6445,0.3,0.332,131
MKT-0320,energy,Q1,0.495,1.0,0.45,0.304,188
MKT-0321,tech,Q2,0.901,0.915,0.35,0.33,56
MKT-0322,finance,Q3,0.665,0.0856,0.3,0.349,386
MKT-0323,consumer,Q4,0.534,0.7371,0.15,0.539,200
MKT-0324,consumer,Q4,0.412,0.8231,0.15,0.564,274
MKT-0325,energy,Q1,0.421,0.8344,0.45,0.3,118
MKT-0326,energy,Q3,0.074,0.1792,0.45,0.3,420
MKT-0327,tech,Q1,0.552,0.8605,0.35,0.321,148
MKT-0328,tech,Q3,0.669,0.9251,0.35,0.381,304
MKT-0329,healthcare,Q2,0.185,1.0,0.2,0.522,442
MKT-0330,healthcare,Q2,0.368,0.4752,0.2,0.497,370
MKT-0331,energy,Q3,0.269,0.1719,0.45,0.3,321
MKT-0332,energy,Q2,0.307,0.2083,0.45,0.3,449
MKT-0333,consumer,Q4,0.511,0.5931,0.15,0.578,129
MKT-0334,healthcare,Q3,0.083,0.4645,0.2,0.603,483
MKT-0335,consumer,Q4,0.623,0.269,0.15,0.597,300
MKT-0336,consumer,Q3,0.651,0.7324,0.15,0.599,234
MKT-0337,energy,Q2,0.45,0.5337,0.45,0.404,165
MKT-0338,energy,Q4,0.004,0.0286,0.45,0.3,385
MKT-0339,consumer,Q2,0.301,0.9754,0.15,0.574,489
MKT-0340,finance,Q3,0.747,0.576,0.3,0.435,360
MKT-0341,energy,Q1,0.0,0.811,0.45,0.3,64
MKT-0342,finance,Q1,0.43,0.473,0.3,0.378,261
MKT-0343,healthcare,Q3,0.264,0.8349,0.2,0.475,379
MKT-0344,consumer,Q1,0.661,0.711,0.15,0.582,228
MKT-0345,energy,Q4,0.365,0.9207,0.45,0.3,397
MKT-0346,consumer,Q4,0.581,0.6855,0.15,0.557,368
MKT-0347,consumer,Q3,0.613,0.8664,0.15,0.604,80
MKT-0348,tech,Q3,0.867,0.7583,0.35,0.393,301
MKT-0349,tech,Q3,0.459,0.468,0.35,0.342,127
MKT-0350,healthcare,Q1,0.575,0.6673,0.2,0.467,268
MKT-0351,tech,Q2,0.203,1.0,0.35,0.407,222
MKT-0352,energy,Q2,0.738,0.289,0.45,0.3,413
MKT-0353,healthcare,Q4,0.348,0.6561,0.2,0.42,440
MKT-0354,consumer,Q1,0.388,0.8168,0.15,0.534,257
MKT-0355,consumer,Q2,0.496,0.8854,0.15,0.558,291
MKT-0356,tech,Q2,0.187,0.4722,0.35,0.389,331
MKT-0357,consumer,Q1,0.546,0.2944,0.15,0.596,344
MKT-0358,tech,Q1,0.693,0.6549,0.35,0.364,335
MKT-0359,finance,Q2,0.559,0.0,0.3,0.429,402
MKT-0360,consumer,Q1,0.182,0.8178,0.15,0.553,491
MKT-0361,consumer,Q1,0.475,0.6667,0.15,0.516,422
MKT-0362,energy,Q2,0.648,0.8471,0.45,0.3,110
MKT-0363,consumer,Q1,0.124,0.4533,0.15,0.551,264
MKT-0364,tech,Q3,0.285,0.0,0.35,0.348,257
MKT-0365,healthcare,Q1,0.675,0.6534,0.2,0.406,278
MKT-0366,healthcare,Q2,0.554,0.6464,0.2,0.48,287
MKT-0367,energy,Q2,0.582,0.1662,0.45,0.3,373
MKT-0368,tech,Q4,0.872,0.5504,0.35,0.336,239
MKT-0369,finance,Q3,0.594,1.0,0.3,0.388,168
MKT-0370,energy,Q4,0.632,0.7203,0.45,0.3,255
MKT-0371,finance,Q2,1.0,0.8648,0.3,0.346,434
MKT-0372,healthcare,Q2,0.457,0.8074,0.2,0.419,190
MKT-0373,energy,Q2,0.34,1.0,0.45,0.3,59
MKT-0374,consumer,Q4,0.586,0.6493,0.15,0.588,489
MKT-0375,tech,Q4,0.588,0.0,0.35,0.434,138
MKT-0376,finance,Q4,0.395,0.3526,0.3,0.439,321
MKT-0377,finance,Q4,0.294,0.6375,0.3,0.327,410
MKT-0378,energy,Q3,0.962,0.0679,0.45,0.3,173
MKT-0379,energy,Q3,0.565,0.3654,0.45,0.3,203
MKT-0380,tech,Q4,0.354,0.2009,0.35,0.359,176
MKT-0381,consumer,Q2,0.683,0.9678,0.15,0.577,117
MKT-0382,consumer,Q2,0.478,0.8241,0.15,0.504,118
MKT-0383,energy,Q4,0.449,0.6106,0.45,0.3,134
MKT-0384,tech,Q2,0.612,0.7494,0.35,0.371,256
MKT-0385,tech,Q1,0.242,0.3932,0.35,0.391,288
MKT-0386,tech,Q3,0.571,0.6547,0.35,0.31,57
MKT-0387,consumer,Q2,0.883,0.5946,0.15,0.533,430
MKT-0388,consumer,Q4,0.593,0.351,0.15,0.415,354
MKT-0389,tech,Q4,0.425,0.5062,0.35,0.319,81
MKT-0390,finance,Q2,0.399,0.557,0.3,0.374,429
MKT-0391,tech,Q3,0.418,0.9859,0.35,0.3,63
MKT-0392,energy,Q4,0.449,1.0,0.45,0.3,302
MKT-0393,healthcare,Q3,0.424,1.0,0.2,0.497,259
MKT-0394,finance,Q1,0.683,0.1331,0.3,0.3,275
MKT-0395,consumer,Q3,0.153,0.6702,0.15,0.561,480
MKT-0396,tech,Q3,0.672,0.769,0.35,0.304,467
MKT-0397,tech,Q3,0.424,1.0,0.35,0.374,175
MKT-0398,energy,Q1,0.575,0.9824,0.45,0.3,310
MKT-0399,energy,Q2,0.275,0.8449,0.45,0.3,481
MKT-0400,consumer,Q4,0.766,0.6467,0.15,0.536,377
MKT-0401,finance,Q1,0.749,0.1774,0.3,0.415,449
MKT-0402,energy,Q2,0.692,0.7588,0.45,0.3,245
MKT-0403,consumer,Q2,0.197,0.5045,0.15,0.537,177
MKT-0404,healthcare,Q1,0.666,0.5522,0.2,0.423,279
MKT-0405,healthcare,Q1,0.581,0.5642,0.2,0.426,417
MKT-0406,healthcare,Q2,0.179,0.9154,0.2,0.471,467
MKT-0407,tech,Q4,0.495,0.3401,0.35,0.35,358
MKT-0408,consumer,Q1,0.573,0.29,0.15,0.52,367
MKT-0409,tech,Q2,0.611,0.7082,0.35,0.381,280
MKT-0410,tech,Q1,0.535,0.2057,0.35,0.336,193
MKT-0411,energy,Q3,0.558,0.4629,0.45,0.3,240
MKT-0412,energy,Q2,0.795,0.3802,0.45,0.3,273
MKT-0413,tech,Q4,0.745,0.406,0.35,0.361,416
MKT-0414,tech,Q3,0.0,0.7766,0.35,0.366,299
MKT-0415,finance,Q4,0.437,0.0,0.3,0.494,406
MKT-0416,consumer,Q3,0.467,0.6925,0.15,0.517,62
MKT-0417,tech,Q2,0.15,0.7019,0.35,0.346,390
MKT-0418,energy,Q4,0.519,0.0515,0.45,0.3,278
MKT-0419,healthcare,Q2,0.75,0.3607,0.2,0.499,499
MKT-0420,consumer,Q4,0.283,0.7327,0.15,0.525,262
MKT-0421,finance,Q4,0.567,0.772,0.3,0.323,265
MKT-0422,finance,Q3,0.317,0.494,0.3,0.374,107
MKT-0423,healthcare,Q3,0.366,0.2927,0.2,0.446,413
MKT-0424,healthcare,Q2,0.795,0.8305,0.2,0.414,365
MKT-0425,tech,Q4,0.391,0.0,0.35,0.31,438
MKT-0426,consumer,Q3,0.592,0.8352,0.15,0.498,91
MKT-0427,consumer,Q4,0.126,0.4757,0.15,0.579,145
MKT-0428,tech,Q2,0.872,0.1649,0.35,0.38,444
MKT-0429,finance,Q4,0.621,0.3105,0.3,0.355,68
MKT-0430,tech,Q2,0.464,0.4454,0.35,0.337,278
MKT-0431,finance,Q1,0.615,0.229,0.3,0.307,232
MKT-0432,consumer,Q1,0.218,0.691,0.15,0.525,472
MKT-0433,tech,Q3,0.737,0.4544,0.35,0.37,435
MKT-0434,healthcare,Q2,0.435,0.8313,0.2,0.541,453
MKT-0435,tech,Q1,0.459,0.5373,0.35,0.314,180
MKT-0436,healthcare,Q2,0.402,0.4907,0.2,0.553,314
MKT-0437,consumer,Q3,0.384,0.6277,0.15,0.474,365
MKT-0438,tech,Q2,0.639,0.0,0.35,0.3,485
MKT-0439,energy,Q4,0.551,0.4635,0.45,0.3,53
MKT-0440,consumer,Q4,0.63,0.6314,0.15,0.634,489
MKT-0441,energy,Q3,0.498,0.0,0.45,0.3,209
MKT-0442,tech,Q4,0.603,0.2929,0.35,0.348,107
MKT-0443,healthcare,Q2,0.416,0.4522,0.2,0.39,326
MKT-0444,healthcare,Q1,0.946,0.957,0.2,0.399,401
MKT-0445,finance,Q1,0.186,0.0,0.3,0.406,108
MKT-0446,energy,Q4,0.752,0.0,0.45,0.3,68
MKT-0447,consumer,Q4,0.774,0.8725,0.15,0.495,453
MKT-0448,healthcare,Q3,0.33,0.9508,0.2,0.503,470
MKT-0449,energy,Q1,0.946,0.0366,0.45,0.3,120
MKT-0450,consumer,Q2,0.699,0.6501,0.15,0.597,456
MKT-0451,consumer,Q1,0.694,0.7666,0.15,0.557,459
MKT-0452,healthcare,Q1,0.506,0.1104,0.2,0.561,498
MKT-0453,tech,Q1,0.457,0.0,0.35,0.35,147
MKT-0454,healthcare,Q3,0.458,0.6426,0.2,0.494,310
MKT-0455,healthcare,Q1,0.578,0.8967,0.2,0.553,497
MKT-0456,tech,Q4,0.78,0.3545,0.35,0.301,456
MKT-0457,finance,Q2,0.536,0.5107,0.3,0.541,322
MKT-0458,consumer,Q2,0.318,0.8577,0.15,0.569,138
MKT-0459,tech,Q3,0.665,1.0,0.35,0.369,87
MKT-0460,finance,Q4,0.684,0.2796,0.3,0.426,166
MKT-0461,tech,Q2,0.631,0.5287,0.35,0.444,79
MKT-0462,finance,Q1,0.649,0.974,0.3,0.44,137
MKT-0463,healthcare,Q1,0.446,0.2624,0.2,0.42,83
MKT-0464,tech,Q4,0.314,0.7968,0.35,0.42,393
MKT-0465,consumer,Q1,0.326,0.4662,0.15,0.533,315
MKT-0466,tech,Q3,0.173,0.5618,0.35,0.355,283
MKT-0467,healthcare,Q2,0.547,0.6036,0.2,0.436,414
MKT-0468,tech,Q4,0.483,0.1272,0.35,0.376,234
MKT-0469,consumer,Q1,0.412,0.4843,0.15,0.517,231
MKT-0470,finance,Q4,0.0,0.4329,0.3,0.405,143
MKT-0471,consumer,Q3,0.251,0.8869,0.15,0.536,250
MKT-0472,healthcare,Q2,0.724,0.6527,0.2,0.596,128
MKT-0473,healthcare,Q1,0.367,0.5691,0.2,0.599,315
MKT-0474,finance,Q4,0.572,0.6072,0.3,0.402,498
MKT-0475,finance,Q2,0.222,0.1418,0.3,0.403,289
MKT-0476,consumer,Q2,0.788,0.8691,0.15,0.531,184
MKT-0477,tech,Q2,0.471,0.7974,0.35,0.405,359
MKT-0478,finance,Q1,0.558,1.0,0.3,0.384,419
MKT-0479,tech,Q2,0.965,0.4531,0.35,0.329,262
MKT-0480,energy,Q1,0.803,0.1444,0.45,0.3,162
MKT-0481,consumer,Q1,0.439,0.7511,0.15,0.523,371
MKT-0482,energy,Q2,0.381,0.7258,0.45,0.3,134
MKT-0483,finance,Q1,0.435,0.2347,0.3,0.321,498
MKT-0484,healthcare,Q2,0.602,0.5797,0.2,0.535,193
MKT-0485,energy,Q4,0.479,0.5654,0.45,0.347,207
MKT-0486,energy,Q1,0.421,0.0,0.45,0.3,377
MKT-0487,healthcare,Q1,0.793,0.5369,0.2,0.573,55
MKT-0488,finance,Q1,0.477,0.4285,0.3,0.358,141
MKT-0489,finance,Q3,0.96,0.9028,0.3,0.412,106
MKT-0490,consumer,Q2,0.518,0.627,0.15,0.503,225
MKT-0491,consumer,Q2,0.857,0.4922,0.15,0.539,299
MKT-0492,finance,Q1,0.571,0.0,0.3,0.439,130
MKT-0493,finance,Q2,0.693,0.1261,0.3,0.405,204
MKT-0494,energy,Q2,0.355,0.0,0.45,0.3,397
MKT-0495,healthcare,Q2,0.329,0.5885,0.2,0.434,472
MKT-0496,tech,Q3,0.592,0.1727,0.35,0.3,56
MKT-0497,energy,Q4,0.698,0.0384,0.45,0.3,332
MKT-0498,consumer,Q2,0.508,0.6001,0.15,0.653,61
MKT-0499,healthcare,Q4,0.243,0.4683,0.2,0.568,284
MKT-0500,tech,Q3,0.228,0.9971,0.35,0.3,445
MKT-0501,finance,Q2,0.215,0.6308,0.3,0.471,409
MKT-0502,consumer,Q1,0.146,0.5944,0.15,0.597,154
MKT-0503,consumer,Q2,0.522,0.6491,0.15,0.473,166
MKT-0504,energy,Q3,0.725,0.2738,0.45,0.3,402
MKT-0505,healthcare,Q1,0.497,0.6401,0.2,0.555,418
MKT-0506,healthcare,Q4,0.048,0.644,0.2,0.528,176
MKT-0507,energy,Q2,0.462,0.0,0.45,0.3,51
MKT-0508,energy,Q4,0.467,0.3365,0.45,0.3,250
MKT-0509,energy,Q3,0.919,0.0,0.45,0.3,328
MKT-0510,consumer,Q2,0.209,0.703,0.15,0.539,249
MKT-0511,finance,Q1,0.422,0.6219,0.3,0.457,470
MKT-0512,consumer,Q3,0.841,0.7842,0.15,0.551,416
MKT-0513,consumer,Q2,0.59,1.0,0.15,0.525,404
MKT-0514,consumer,Q1,0.613,0.5297,0.15,0.594,59
MKT-0515,tech,Q4,0.523,0.5445,0.35,0.399,434
MKT-0516,consumer,Q2,0.566,0.7195,0.15,0.616,389
MKT-0517,tech,Q1,0.656,0.4332,0.35,0.394,228
MKT-0518,healthcare,Q2,0.338,0.5979,0.2,0.554,315
MKT-0519,healthcare,Q2,0.676,0.6928,0.2,0.537,420
MKT-0520,energy,Q4,0.225,0.6654,0.45,0.3,457
MKT-0521,tech,Q3,0.566,1.0,0.35,0.354,297
MKT-0522,tech,Q1,0.536,0.4496,0.35,0.338,68
MKT-0523,consumer,Q1,0.377,0.7488,0.15,0.489,328
MKT-0524,energy,Q3,0.495,0.1185,0.45,0.3,356
MKT-0525,energy,Q1,0.375,0.631,0.45,0.3,76
MKT-0526,consumer,Q2,0.286,0.5686,0.15,0.562,417
MKT-0527,tech,Q1,0.429,0.8161,0.35,0.422,140
MKT-0528,consumer,Q1,0.279,0.9435,0.15,0.548,450
MKT-0529,consumer,Q4,0.565,0.6564,0.15,0.6,297
MKT-0530,healthcare,Q1,0.27,0.102,0.2,0.554,194
MKT-0531,tech,Q1,0.642,0.2745,0.35,0.338,76
MKT-0532,tech,Q4,0.264,0.8607,0.35,0.38,58
MKT-0533,energy,Q1,0.387,0.5369,0.45,0.3,383
MKT-0534,healthcare,Q4,0.375,0.626,0.2,0.566,219
MKT-0535,tech,Q1,0.765,0.8378,0.35,0.382,428
MKT-0536,healthcare,Q1,0.566,0.6818,0.2,0.44,153
MKT-0537,tech,Q1,0.458,0.8649,0.35,0.358,464
MKT-0538,healthcare,Q3,0.6,0.9038,0.2,0.582,473
MKT-0539,tech,Q3,0.079,1.0,0.35,0.341,95
MKT-0540,finance,Q2,0.491,0.5813,0.3,0.422,341
MKT-0541,tech,Q1,0.9,0.8218,0.35,0.377,472
MKT-0542,tech,Q1,0.526,0.3415,0.35,0.3,195
MKT-0543,tech,Q3,0.514,0.3665,0.35,0.376,80
MKT-0544,consumer,Q1,0.61,0.9175,0.15,0.48,443
MKT-0545,tech,Q3,0.679,0.6775,0.35,0.319,263
MKT-0546,healthcare,Q3,0.101,0.8061,0.2,0.554,62
MKT-0547,healthcare,Q4,0.164,0.5693,0.2,0.518,428
MKT-0548,healthcare,Q2,0.542,0.534,0.2,0.485,355
MKT-0549,finance,Q1,0.357,0.3868,0.3,0.422,81
MKT-0550,consumer,Q2,0.762,0.9698,0.15,0.547,166
MKT-0551,energy,Q4,0.437,0.5654,0.45,0.3,58
MKT-0552,consumer,Q3,0.113,0.4602,0.15,0.583,479
MKT-0553,energy,Q3,0.246,0.3001,0.45,0.3,61
MKT-0554,consumer,Q2,0.0,0.9073,0.15,0.552,408
MKT-0555,healthcare,Q1,0.453,0.5252,0.2,0.484,280
MKT-0556,finance,Q4,0.462,0.0,0.3,0.321,312
MKT-0557,consumer,Q4,0.415,0.9362,0.15,0.504,415
MKT-0558,finance,Q4,0.716,0.6621,0.3,0.478,452
MKT-0559,consumer,Q4,0.74,0.6905,0.15,0.569,107
MKT-0560,healthcare,Q2,0.466,0.5656,0.2,0.434,58
MKT-0561,tech,Q2,0.073,0.8298,0.35,0.3,106
MKT-0562,healthcare,Q1,0.623,0.4851,0.2,0.494,357
MKT-0563,tech,Q4,0.611,0.8836,0.35,0.428,305
MKT-0564,consumer,Q3,0.562,0.8656,0.15,0.541,87
MKT-0565,energy,Q2,0.696,0.5146,0.45,0.315,155
MKT-0566,energy,Q4,0.267,0.3555,0.45,0.3,291
MKT-0567,energy,Q3,0.902,0.4165,0.45,0.3,378
MKT-0568,finance,Q4,0.308,0.7099,0.3,0.333,204
MKT-0569,healthcare,Q4,0.65,0.4444,0.2,0.547,477
MKT-0570,consumer,Q1,0.163,0.3511,0.15,0.533,496
MKT-0571,healthcare,Q2,0.314,0.74,0.2,0.543,394
MKT-0572,energy,Q3,0.803,0.7645,0.45,0.3,254
MKT-0573,tech,Q4,0.448,0.6253,0.35,0.359,444
MKT-0574,tech,Q1,0.668,0.6129,0.35,0.368,377
MKT-0575,energy,Q2,0.547,0.2379,0.45,0.3,283
MKT-0576,consumer,Q3,0.479,0.89,0.15,0.57,249
MKT-0577,healthcare,Q4,0.773,0.6268,0.2,0.487,424
MKT-0578,consumer,Q1,0.453,0.5648,0.15,0.518,300
MKT-0579,tech,Q3,0.144,0.4124,0.35,0.43,132
MKT-0580,tech,Q2,0.339,1.0,0.35,0.402,499
MKT-0581,consumer,Q1,0.61,0.4013,0.15,0.512,80
MKT-0582,tech,Q3,0.579,0.7618,0.35,0.378,362
MKT-0583,tech,Q2,0.187,0.0,0.35,0.313,345
MKT-0584,healthcare,Q3,0.355,0.6616,0.2,0.441,313
MKT-0585,consumer,Q2,0.384,0.6325,0.15,0.602,73
MKT-0586,finance,Q4,0.427,0.0,0.3,0.315,271
MKT-0587,tech,Q1,0.225,0.5399,0.35,0.396,451
MKT-0588,consumer,Q4,0.374,0.5891,0.15,0.537,157
MKT-0589,consumer,Q1,0.354,0.3083,0.15,0.539,361
MKT-0590,consumer,Q3,0.654,0.9241,0.15,0.57,436
MKT-0591,consumer,Q2,0.662,0.9545,0.15,0.579,478
MKT-0592,energy,Q2,0.471,1.0,0.45,0.3,282
MKT-0593,consumer,Q1,0.422,0.6871,0.15,0.586,191
MKT-0594,energy,Q3,0.528,0.4599,0.45,0.3,364
MKT-0595,consumer,Q1,0.337,0.8197,0.15,0.487,268
MKT-0596,healthcare,Q3,0.271,1.0,0.2,0.492,332
MKT-0597,finance,Q3,0.312,0.8469,0.3,0.469,383
MKT-0598,finance,Q4,0.373,0.1235,0.3,0.484,369
MKT-0599,finance,Q3,0.267,0.5605,0.3,0.436,159
MKT-0600,finance,Q2,0.532,0.6117,0.3,0.34,390
MKT-0601,finance,Q3,0.646,0.014,0.3,0.425,293
MKT-0602,finance,Q4,0.183,0.5182,0.3,0.443,468
MKT-0603,tech,Q2,0.505,1.0,0.35,0.386,346
MKT-0604,consumer,Q1,0.456,0.7344,0.15,0.589,451
MKT-0605,healthcare,Q4,0.568,0.8999,0.2,0.518,490
MKT-0606,energy,Q1,0.497,0.3869,0.45,0.3,497
MKT-0607,healthcare,Q3,0.209,0.6467,0.2,0.47,385
MKT-0608,consumer,Q1,0.248,0.6643,0.15,0.455,318
MKT-0609,consumer,Q1,0.506,0.5235,0.15,0.567,103
MKT-0610,consumer,Q4,0.706,0.5513,0.15,0.559,223
MKT-0611,healthcare,Q1,0.057,0.7618,0.2,0.528,263
MKT-0612,finance,Q3,0.569,0.9571,0.3,0.333,401
MKT-0613,energy,Q3,0.738,0.0247,0.45,0.3,314
MKT-0614,finance,Q1,0.469,0.6908,0.3,0.503,247
MKT-0615,finance,Q1,0.61,0.3954,0.3,0.404,115
MKT-0616,energy,Q4,0.359,0.4568,0.45,0.3,372
MKT-0617,energy,Q3,0.476,0.6385,0.45,0.3,244
MKT-0618,tech,Q1,0.176,0.7444,0.35,0.452,66
MKT-0619,tech,Q4,0.031,0.4236,0.35,0.3,177
MKT-0620,healthcare,Q2,0.689,0.9553,0.2,0.51,445
MKT-0621,healthcare,Q1,0.303,0.6073,0.2,0.46,103
MKT-0622,tech,Q4,0.409,0.6698,0.35,0.323,232
MKT-0623,healthcare,Q1,0.223,0.3668,0.2,0.498,280
MKT-0624,finance,Q3,0.218,1.0,0.3,0.467,87
MKT-0625,energy,Q4,0.465,0.5312,0.45,0.34,124
MKT-0626,energy,Q3,0.354,0.734,0.45,0.3,473
MKT-0627,energy,Q3,0.576,0.0,0.45,0.3,315
MKT-0628,healthcare,Q2,0.591,0.494,0.2,0.625,144
MKT-0629,energy,Q1,0.564,0.8717,0.45,0.3,126
MKT-0630,finance,Q3,0.548,0.6282,0.3,0.371,241
MKT-0631,energy,Q4,0.816,0.0,0.45,0.3,375
MKT-0632,healthcare,Q1,0.286,0.7506,0.2,0.57,378
MKT-0633,energy,Q4,0.489,0.0786,0.45,0.3,137
MKT-0634,tech,Q2,0.727,1.0,0.35,0.471,376
MKT-0635,finance,Q3,0.753,0.5466,0.3,0.331,453
MKT-0636,energy,Q1,0.216,0.3545,0.45,0.323,151
MKT-0637,energy,Q3,0.438,0.9562,0.45,0.3,61
MKT-0638,finance,Q1,0.772,0.1765,0.3,0.44,481
MKT-0639,consumer,Q2,0.602,0.5813,0.15,0.468,284
MKT-0640,finance,Q3,0.539,0.4819,0.3,0.473,399
MKT-0641,consumer,Q1,0.456,0.7625,0.15,0.589,194
MKT-0642,consumer,Q2,0.423,0.5039,0.15,0.548,184
MKT-0643,healthcare,Q3,0.558,0.38,0.2,0.532,151
MKT-0644,finance,Q1,0.45,0.6445,0.3,0.362,147
MKT-0645,energy,Q2,0.491,0.1024,0.45,0.3,262
MKT-0646,healthcare,Q2,0.516,0.5689,0.2,0.477,97
MKT-0647,healthcare,Q3,0.364,0.3133,0.2,0.407,428
MKT-0648,consumer,Q4,0.606,0.5791,0.15,0.593,280
MKT-0649,consumer,Q4,1.0,0.7389,0.15,0.61,461
MKT-0650,healthcare,Q1,0.145,0.7078,0.2,0.465,275
MKT-0651,finance,Q1,0.565,0.1834,0.3,0.417,186
MKT-0652,energy,Q1,0.348,1.0,0.45,0.3,281
MKT-0653,consumer,Q3,0.615,0.6896,0.15,0.566,119
MKT-0654,healthcare,Q1,0.509,0.4398,0.2,0.469,420
MKT-0655,healthcare,Q1,0.652,0.9053,0.2,0.456,374
MKT-0656,finance,Q4,0.735,0.5237,0.3,0.453,116
MKT-0657,finance,Q4,0.538,0.2652,0.3,0.397,311
MKT-0658,tech,Q4,0.726,0.4447,0.35,0.451,292
MKT-0659,energy,Q2,0.031,0.9136,0.45,0.3,140
MKT-0660,tech,Q3,0.818,1.0,0.35,0.304,104
MKT-0661,finance,Q3,0.575,0.3012,0.3,0.461,392
MKT-0662,tech,Q1,0.716,0.4625,0.35,0.382,168
MKT-0663,energy,Q3,0.256,0.439,0.45,0.3,283
MKT-0664,healthcare,Q3,0.334,0.4828,0.2,0.56,161
MKT-0665,finance,Q2,0.529,0.4627,0.3,0.367,344
MKT-0666,healthcare,Q4,0.497,0.5956,0.2,0.494,72
MKT-0667,consumer,Q3,0.557,0.9545,0.15,0.541,211
MKT-0668,consumer,Q3,0.717,0.9886,0.15,0.485,296
MKT-0669,tech,Q3,0.147,0.4068,0.35,0.337,247
MKT-0670,consumer,Q4,0.695,0.6621,0.15,0.617,325
MKT-0671,finance,Q3,0.502,0.7345,0.3,0.412,131
MKT-0672,finance,Q2,0.459,0.2933,0.3,0.333,248
MKT-0673,tech,Q4,0.206,0.6269,0.35,0.3,390
MKT-0674,finance,Q3,0.601,0.5237,0.3,0.483,200
MKT-0675,finance,Q4,0.017,0.0618,0.3,0.395,120
MKT-0676,healthcare,Q1,0.63,0.4031,0.2,0.468,431
MKT-0677,tech,Q2,0.202,0.9767,0.35,0.336,400
MKT-0678,healthcare,Q4,0.511,0.5653,0.2,0.426,356
MKT-0679,consumer,Q3,0.476,1.0,0.15,0.621,409
MKT-0680,finance,Q4,0.734,0.306,0.3,0.38,400
MKT-0681,tech,Q1,0.464,0.5416,0.35,0.418,385
MKT-0682,consumer,Q1,0.361,0.9831,0.15,0.553,279
MKT-0683,consumer,Q4,0.399,0.4912,0.15,0.621,58
MKT-0684,tech,Q2,0.755,0.0,0.35,0.363,318
MKT-0685,consumer,Q3,0.607,0.9841,0.15,0.593,172
MKT-0686,healthcare,Q2,0.423,0.4681,0.2,0.536,397
MKT-0687,healthcare,Q2,0.453,0.6338,0.2,0.531,260
MKT-0688,healthcare,Q4,0.187,0.4308,0.2,0.517,457
MKT-0689,finance,Q1,0.578,0.4971,0.3,0.388,317
MKT-0690,consumer,Q4,0.148,0.4696,0.15,0.646,297
MKT-0691,finance,Q4,0.65,0.3936,0.3,0.355,463
MKT-0692,consumer,Q3,0.526,0.8463,0.15,0.55,263
MKT-0693,consumer,Q2,0.977,0.6354,0.15,0.551,219
MKT-0694,tech,Q1,0.28,0.167,0.35,0.37,217
MKT-0695,energy,Q3,0.479,0.2756,0.45,0.3,443
MKT-0696,finance,Q2,0.86,0.1003,0.3,0.416,390
MKT-0697,healthcare,Q1,0.738,0.5262,0.2,0.492,123
MKT-0698,tech,Q2,0.361,0.5357,0.35,0.3,271
MKT-0699,tech,Q4,0.545,0.3319,0.35,0.35,217
MKT-0700,healthcare,Q2,0.5,0.5908,0.2,0.445,341
MKT-0701,finance,Q1,0.556,0.4075,0.3,0.313,73
MKT-0702,tech,Q3,0.36,0.3245,0.35,0.357,371
MKT-0703,tech,Q1,0.482,0.6842,0.35,0.374,384
MKT-0704,tech,Q4,0.18,0.9197,0.35,0.376,151
MKT-0705,healthcare,Q4,0.527,0.5062,0.2,0.528,117
MKT-0706,tech,Q4,0.59,0.6483,0.35,0.3,332
MKT-0707,healthcare,Q4,0.455,0.5403,0.2,0.432,165
MKT-0708,healthcare,Q1,0.177,0.5996,0.2,0.599,473
MKT-0709,healthcare,Q1,0.698,0.9178,0.2,0.448,398
MKT-0710,finance,Q2,0.573,0.6385,0.3,0.431,479
MKT-0711,healthcare,Q2,0.355,0.2685,0.2,0.466,290
MKT-0712,finance,Q4,0.444,0.5528,0.3,0.404,472
MKT-0713,finance,Q3,0.2,0.8598,0.3,0.368,56
MKT-0714,consumer,Q3,0.295,0.711,0.15,0.578,180
MKT-0715,finance,Q4,0.392,0.7076,0.3,0.407,51
MKT-0716,healthcare,Q3,0.746,0.6038,0.2,0.478,354
MKT-0717,healthcare,Q2,0.372,0.3287,0.2,0.447,279
MKT-0718,energy,Q2,0.628,0.4577,0.45,0.3,179
MKT-0719,healthcare,Q3,0.392,0.3376,0.2,0.439,187
MKT-0720,tech,Q1,0.55,0.3685,0.35,0.371,339
MKT-0721,consumer,Q3,0.472,0.9638,0.15,0.681,131
MKT-0722,consumer,Q3,0.675,0.5147,0.15,0.618,281
MKT-0723,tech,Q3,0.393,0.1111,0.35,0.386,326
MKT-0724,finance,Q3,0.185,0.1782,0.3,0.396,157
MKT-0725,tech,Q4,0.224,0.4014,0.35,0.3,152
MKT-0726,finance,Q4,0.394,0.2993,0.3,0.334,209
MKT-0727,tech,Q3,0.25,1.0,0.35,0.414,316
MKT-0728,healthcare,Q2,0.582,0.8482,0.2,0.461,164
MKT-0729,finance,Q1,0.407,0.5396,0.3,0.365,220
MKT-0730,finance,Q4,0.975,0.5399,0.3,0.392,294
MKT-0731,healthcare,Q4,0.152,0.6215,0.2,0.447,134
MKT-0732,consumer,Q3,0.541,0.6518,0.15,0.489,306
MKT-0733,finance,Q4,0.274,0.6483,0.3,0.397,112
MKT-0734,energy,Q4,0.401,0.0,0.45,0.3,114
MKT-0735,finance,Q4,0.528,0.6799,0.3,0.363,156
MKT-0736,finance,Q3,0.035,0.8211,0.3,0.361,178
MKT-0737,energy,Q1,0.547,0.407,0.45,0.3,63
MKT-0738,finance,Q1,0.881,0.4092,0.3,0.388,482
MKT-0739,consumer,Q1,0.409,0.6914,0.15,0.541,188
MKT-0740,consumer,Q2,0.552,0.2936,0.15,0.58,412
MKT-0741,finance,Q3,0.705,0.6564,0.3,0.393,455
MKT-0742,finance,Q2,0.467,0.4361,0.3,0.386,410
MKT-0743,energy,Q1,0.384,0.2648,0.45,0.3,424
MKT-0744,finance,Q1,0.045,0.5487,0.3,0.433,95
MKT-0745,energy,Q4,0.628,0.3106,0.45,0.3,217
MKT-0746,healthcare,Q4,0.477,0.3636,0.2,0.504,385
MKT-0747,energy,Q2,0.297,0.281,0.45,0.3,309
MKT-0748,energy,Q4,0.525,0.3592,0.45,0.3,52
MKT-0749,tech,Q3,0.383,0.5977,0.35,0.388,305
MKT-0750,consumer,Q4,0.394,0.6734,0.15,0.572,412
MKT-0751,tech,Q4,0.621,0.847,0.35,0.373,422
MKT-0752,tech,Q3,0.232,0.1547,0.35,0.364,222
MKT-0753,consumer,Q2,0.709,0.7728,0.15,0.552,156
MKT-0754,healthcare,Q3,0.22,0.9211,0.2,0.535,189
MKT-0755,healthcare,Q2,0.367,0.2782,0.2,0.547,183
MKT-0756,finance,Q2,0.885,0.5866,0.3,0.446,205
MKT-0757,energy,Q3,0.725,0.2054,0.45,0.3,185
MKT-0758,tech,Q3,0.52,0.4482,0.35,0.419,255
MKT-0759,finance,Q3,0.312,0.2353,0.3,0.411,68
MKT-0760,tech,Q2,0.394,0.4398,0.35,0.382,173
MKT-0761,healthcare,Q2,0.515,1.0,0.2,0.514,191
MKT-0762,consumer,Q1,0.508,0.4565,0.15,0.562,119
MKT-0763,consumer,Q3,0.482,0.5968,0.15,0.513,445
MKT-0764,energy,Q3,0.494,0.0,0.45,0.3,353
MKT-0765,finance,Q4,0.457,0.9368,0.3,0.542,460
MKT-0766,finance,Q3,0.212,0.353,0.3,0.381,302
MKT-0767,healthcare,Q2,0.397,0.6244,0.2,0.504,99
MKT-0768,tech,Q1,0.683,0.3315,0.35,0.328,457
MKT-0769,energy,Q1,0.226,0.0,0.45,0.3,256
MKT-0770,finance,Q2,0.462,0.3988,0.3,0.477,357
MKT-0771,consumer,Q2,0.336,1.0,0.15,0.516,221
MKT-0772,tech,Q2,0.522,1.0,0.35,0.326,272
MKT-0773,finance,Q2,0.422,0.2075,0.3,0.321,270
MKT-0774,consumer,Q4,0.795,0.8065,0.15,0.512,178
MKT-0775,consumer,Q1,0.601,0.5355,0.15,0.465,299
MKT-0776,healthcare,Q2,0.238,0.2504,0.2,0.532,380
MKT-0777,tech,Q1,0.634,0.822,0.35,0.49,59
MKT-0778,energy,Q2,0.345,0.8738,0.45,0.3,108
MKT-0779,consumer,Q3,0.385,0.9146,0.15,0.467,429
MKT-0780,consumer,Q1,0.563,0.5839,0.15,0.595,306
MKT-0781,finance,Q2,0.402,0.4102,0.3,0.364,488
MKT-0782,tech,Q1,0.679,0.7342,0.35,0.415,322
MKT-0783,tech,Q4,0.345,0.5788,0.35,0.336,344
MKT-0784,healthcare,Q3,0.376,0.6077,0.2,0.468,454
MKT-0785,healthcare,Q1,0.369,0.2315,0.2,0.491,347
MKT-0786,tech,Q1,0.387,0.4679,0.35,0.388,198
MKT-0787,finance,Q1,0.72,0.7617,0.3,0.389,287
MKT-0788,healthcare,Q2,0.626,0.4243,0.2,0.475,156
MKT-0789,tech,Q4,0.842,0.7399,0.35,0.34,200
MKT-0790,tech,Q3,0.954,0.7591,0.35,0.3,356
MKT-0791,healthcare,Q4,0.294,0.7141,0.2,0.52,117
MKT-0792,finance,Q2,0.514,0.7387,0.3,0.311,352
MKT-0793,consumer,Q2,0.265,0.5755,0.15,0.528,312
MKT-0794,healthcare,Q2,0.344,0.2983,0.2,0.538,188
MKT-0795,energy,Q1,0.374,0.046,0.45,0.3,70
MKT-0796,consumer,Q4,0.289,0.7667,0.15,0.58,367
MKT-0797,healthcare,Q1,0.29,0.435,0.2,0.497,421
MKT-0798,energy,Q2,0.471,0.0584,0.45,0.308,378
MKT-0799,healthcare,Q3,0.257,0.3042,0.2,0.546,239
MKT-0800,tech,Q1,0.668,1.0,0.35,0.372,344
MKT-0801,energy,Q2,0.316,0.719,0.45,0.3,236
MKT-0802,healthcare,Q2,1.0,0.874,0.2,0.538,211
MKT-0803,consumer,Q2,0.41,0.8466,0.15,0.528,197
MKT-0804,finance,Q1,0.514,0.5802,0.3,0.333,144
MKT-0805,finance,Q1,0.241,0.2928,0.3,0.421,486
MKT-0806,healthcare,Q1,0.841,0.5934,0.2,0.527,349
MKT-0807,tech,Q2,0.724,0.3989,0.35,0.405,128
MKT-0808,energy,Q1,0.559,1.0,0.45,0.3,439
MKT-0809,consumer,Q4,0.231,0.708,0.15,0.505,118
MKT-0810,tech,Q1,0.542,0.289,0.35,0.373,317
MKT-0811,consumer,Q3,0.276,0.8112,0.15,0.546,124
MKT-0812,finance,Q3,0.792,0.2756,0.3,0.306,212
MKT-0813,energy,Q2,0.662,1.0,0.45,0.3,346
MKT-0814,finance,Q4,0.519,0.2295,0.3,0.307,499
MKT-0815,consumer,Q1,0.013,0.6471,0.15,0.503,496
MKT-0816,tech,Q1,0.303,0.7886,0.35,0.418,453
MKT-0817,tech,Q2,0.638,0.6703,0.35,0.441,155
MKT-0818,finance,Q1,0.743,0.4697,0.3,0.339,92
MKT-0819,consumer,Q2,0.722,0.7499,0.15,0.534,457
MKT-0820,tech,Q2,0.182,0.4475,0.35,0.352,465
MKT-0821,finance,Q4,0.56,0.261,0.3,0.489,175
MKT-0822,tech,Q2,0.703,0.3881,0.35,0.325,58
MKT-0823,finance,Q4,0.168,0.8191,0.3,0.376,341
MKT-0824,finance,Q4,0.498,0.3922,0.3,0.477,84
MKT-0825,tech,Q4,0.555,0.1982,0.35,0.331,68
MKT-0826,finance,Q1,0.44,0.2411,0.3,0.436,471
MKT-0827,consumer,Q4,0.13,0.7745,0.15,0.476,273
MKT-0828,consumer,Q3,0.435,0.8666,0.15,0.541,100
MKT-0829,tech,Q4,0.435,0.6513,0.35,0.3,344
MKT-0830,energy,Q2,0.47,0.2547,0.45,0.3,216
MKT-0831,energy,Q4,0.387,0.5661,0.45,0.3,291
MKT-0832,healthcare,Q3,0.411,0.563,0.2,0.498,454
MKT-0833,tech,Q1,0.492,0.3529,0.35,0.334,157
MKT-0834,consumer,Q2,0.588,0.8737,0.15,0.513,340
MKT-0835,finance,Q1,0.439,0.6582,0.3,0.389,422
MKT-0836,consumer,Q4,0.418,0.5054,0.15,0.565,240
MKT-0837,tech,Q2,0.518,0.2183,0.35,0.399,486
MKT-0838,tech,Q1,0.116,0.4254,0.35,0.3,251
MKT-0839,consumer,Q3,0.595,1.0,0.15,0.508,256
MKT-0840,energy,Q2,0.5,0.0,0.45,0.3,447
MKT-0841,finance,Q1,0.508,0.4897,0.3,0.395,336
MKT-0842,consumer,Q4,0.692,0.4874,0.15,0.57,440
MKT-0843,tech,Q4,0.109,0.1844,0.35,0.363,405
MKT-0844,tech,Q3,0.105,0.3882,0.35,0.335,370
MKT-0845,tech,Q3,0.555,0.436,0.35,0.324,158
MKT-0846,tech,Q2,0.499,0.328,0.35,0.338,229
MKT-0847,tech,Q3,0.534,0.5826,0.35,0.407,439
MKT-0848,consumer,Q3,0.408,0.6808,0.15,0.513,327
MKT-0849,finance,Q1,0.633,0.0,0.3,0.397,176
MKT-0850,consumer,Q1,0.687,0.79,0.15,0.559,197
MKT-0851,consumer,Q2,0.597,0.8425,0.15,0.628,399
MKT-0852,consumer,Q2,0.448,0.8337,0.15,0.535,130
MKT-0853,energy,Q1,0.078,0.0,0.45,0.3,100
MKT-0854,energy,Q1,0.654,0.4626,0.45,0.312,394
MKT-0855,consumer,Q4,0.744,0.803,0.15,0.547,179
MKT-0856,energy,Q2,0.629,0.0,0.45,0.3,394
MKT-0857,tech,Q3,0.324,0.5518,0.35,0.334,290
MKT-0858,finance,Q3,0.635,0.5203,0.3,0.387,499
MKT-0859,consumer,Q3,0.672,1.0,0.15,0.593,286
MKT-0860,consumer,Q3,0.812,1.0,0.15,0.562,440
MKT-0861,consumer,Q2,0.325,0.4391,0.15,0.562,432
MKT-0862,tech,Q4,0.455,1.0,0.35,0.3,145
MKT-0863,finance,Q2,0.649,0.2229,0.3,0.352,498
MKT-0864,consumer,Q4,0.511,0.8138,0.15,0.657,385
MKT-0865,finance,Q2,0.277,0.7326,0.3,0.391,98
MKT-0866,consumer,Q1,0.583,0.5081,0.15,0.511,52
MKT-0867,consumer,Q4,0.616,0.7564,0.15,0.622,172
MKT-0868,healthcare,Q1,0.518,0.5561,0.2,0.514,57
MKT-0869,tech,Q4,0.544,0.6656,0.35,0.379,210
MKT-0870,healthcare,Q1,0.448,0.6134,0.2,0.493,498
MKT-0871,energy,Q1,0.796,0.8877,0.45,0.3,265
MKT-0872,tech,Q3,0.32,0.5744,0.35,0.342,60
MKT-0873,tech,Q4,0.383,0.3886,0.35,0.3,272
MKT-0874,finance,Q2,0.502,0.8041,0.3,0.396,148
MKT-0875,healthcare,Q1,0.676,0.7174,0.2,0.515,435
MKT-0876,healthcare,Q1,0.201,0.6764,0.2,0.593,90
MKT-0877,finance,Q4,0.238,0.1863,0.3,0.404,396
MKT-0878,healthcare,Q3,0.092,0.4348,0.2,0.383,250
MKT-0879,finance,Q1,0.507,0.2357,0.3,0.395,58
MKT-0880,tech,Q2,0.276,0.2642,0.35,0.487,352
MKT-0881,consumer,Q2,0.423,0.8214,0.15,0.593,254
MKT-0882,healthcare,Q1,0.632,0.79,0.2,0.459,397
MKT-0883,tech,Q4,0.372,0.3915,0.35,0.38,328
MKT-0884,consumer,Q3,0.546,0.9966,0.15,0.513,404
MKT-0885,finance,Q1,0.44,0.8066,0.3,0.332,257
MKT-0886,tech,Q3,0.634,0.6804,0.35,0.333,53
MKT-0887,tech,Q2,0.595,0.2416,0.35,0.355,108
MKT-0888,tech,Q1,0.362,0.9756,0.35,0.3,256
MKT-0889,energy,Q2,0.466,0.3425,0.45,0.3,228
MKT-0890,tech,Q1,0.709,0.5205,0.35,0.351,407
MKT-0891,finance,Q1,0.579,0.3149,0.3,0.38,235
MKT-0892,healthcare,Q4,0.221,0.3751,0.2,0.52,437
MKT-0893,consumer,Q3,0.631,0.5744,0.15,0.489,134
MKT-0894,finance,Q1,0.283,0.5623,0.3,0.436,223
MKT-0895,finance,Q4,0.783,0.2324,0.3,0.341,390
MKT-0896,healthcare,Q3,0.705,1.0,0.2,0.582,105
MKT-0897,tech,Q4,0.558,0.0936,0.35,0.3,194
MKT-0898,tech,Q3,0.531,0.1396,0.35,0.3,388
MKT-0899,finance,Q2,0.458,0.6218,0.3,0.421,315
MKT-0900,tech,Q3,0.636,1.0,0.35,0.433,400
MKT-0901,tech,Q3,0.426,0.5865,0.35,0.366,282
MKT-0902,energy,Q3,0.547,0.6996,0.45,0.3,436
MKT-0903,consumer,Q1,0.674,0.3946,0.15,0.551,444
MKT-0904,healthcare,Q2,0.388,0.4926,0.2,0.449,488
MKT-0905,finance,Q1,0.377,0.0644,0.3,0.375,104
MKT-0906,healthcare,Q2,0.261,0.2302,0.2,0.439,316
MKT-0907,tech,Q1,0.287,0.454,0.35,0.3,101
MKT-0908,energy,Q1,0.134,0.0,0.45,0.3,153
MKT-0909,tech,Q4,0.646,0.0241,0.35,0.3,185
MKT-0910,finance,Q1,0.862,0.2981,0.3,0.416,340
MKT-0911,tech,Q4,0.785,0.2168,0.35,0.3,244
MKT-0912,energy,Q1,0.175,0.4346,0.45,0.3,439
MKT-0913,consumer,Q4,0.645,0.7326,0.15,0.526,184
MKT-0914,healthcare,Q2,0.784,0.8664,0.2,0.57,327
MKT-0915,healthcare,Q3,0.409,0.8418,0.2,0.516,393
MKT-0916,healthcare,Q2,0.52,0.8762,0.2,0.562,491
MKT-0917,finance,Q2,0.098,0.4142,0.3,0.362,160
MKT-0918,energy,Q2,0.553,0.5196,0.45,0.3,380
MKT-0919,finance,Q3,0.287,0.6565,0.3,0.351,88
MKT-0920,consumer,Q2,0.54,0.7422,0.15,0.529,294
MKT-0921,healthcare,Q3,0.188,0.5787,0.2,0.487,236
MKT-0922,healthcare,Q4,0.609,0.5448,0.2,0.464,481
MKT-0923,tech,Q2,0.705,0.2596,0.35,0.3,398
MKT-0924,energy,Q2,0.343,0.5412,0.45,0.3,467
MKT-0925,consumer,Q1,0.273,0.5968,0.15,0.433,432
MKT-0926,healthcare,Q2,0.069,0.4477,0.2,0.447,234
MKT-0927,energy,Q1,0.447,0.0,0.45,0.3,380
MKT-0928,healthcare,Q1,0.384,0.3155,0.2,0.42,63
MKT-0929,healthcare,Q4,0.19,0.7442,0.2,0.432,301
MKT-0930,healthcare,Q1,0.591,0.6043,0.2,0.59,71
MKT-0931,finance,Q2,0.41,0.2027,0.3,0.368,375
MKT-0932,energy,Q4,0.285,0.6566,0.45,0.3,485
MKT-0933,finance,Q4,0.389,0.2402,0.3,0.432,356
MKT-0934,healthcare,Q1,0.714,0.3258,0.2,0.533,427
MKT-0935,consumer,Q1,0.621,0.8163,0.15,0.474,155
MKT-0936,tech,Q2,0.474,0.3231,0.35,0.338,497
MKT-0937,tech,Q3,0.624,0.4505,0.35,0.3,297
MKT-0938,healthcare,Q4,0.268,0.5684,0.2,0.622,353
MKT-0939,healthcare,Q1,0.506,0.8045,0.2,0.42,396
MKT-0940,finance,Q1,0.529,0.4154,0.3,0.348,337
MKT-0941,healthcare,Q2,0.406,0.3911,0.2,0.448,192
MKT-0942,consumer,Q4,0.587,0.7596,0.15,0.475,325
MKT-0943,healthcare,Q1,0.344,0.4546,0.2,0.568,344
MKT-0944,tech,Q2,0.602,1.0,0.35,0.471,435
MKT-0945,tech,Q1,0.61,0.4612,0.35,0.326,266
MKT-0946,consumer,Q1,0.0,0.2347,0.15,0.484,275
MKT-0947,tech,Q4,0.738,0.6258,0.35,0.3,276
MKT-0948,consumer,Q1,0.0,0.8617,0.15,0.538,101
MKT-0949,energy,Q2,0.377,1.0,0.45,0.3,90
MKT-0950,tech,Q4,0.705,1.0,0.35,0.317,59
MKT-0951,energy,Q3,0.437,0.0,0.45,0.3,349
MKT-0952,finance,Q1,0.207,0.6347,0.3,0.42,238
MKT-0953,healthcare,Q2,0.281,0.4678,0.2,0.516,439
MKT-0954,finance,Q4,0.705,0.5231,0.3,0.384,366
MKT-0955,finance,Q2,0.116,0.0355,0.3,0.345,113
MKT-0956,healthcare,Q3,0.726,0.61,0.2,0.533,95
MKT-0957,finance,Q3,0.489,0.3305,0.3,0.401,214
MKT-0958,consumer,Q3,0.262,0.874,0.15,0.594,464
MKT-0959,healthcare,Q1,0.383,0.7177,0.2,0.54,71
MKT-0960,tech,Q4,0.297,0.5314,0.35,0.3,134
MKT-0961,healthcare,Q4,0.673,0.3509,0.2,0.428,63
MKT-0962,consumer,Q1,0.646,0.6202,0.15,0.512,236
MKT-0963,energy,Q4,0.156,0.0,0.45,0.3,495
MKT-0964,consumer,Q4,0.419,0.7833,0.15,0.588,357
MKT-0965,healthcare,Q3,0.327,0.9147,0.2,0.518,272
MKT-0966,finance,Q2,0.759,0.8307,0.3,0.455,114
MKT-0967,energy,Q2,0.23,0.0,0.45,0.3,209
MKT-0968,consumer,Q4,0.821,0.3022,0.15,0.56,286
MKT-0969,tech,Q1,0.493,0.0,0.35,0.41,173
MKT-0970,energy,Q4,0.268,0.9299,0.45,0.3,367
MKT-0971,healthcare,Q4,0.365,0.4944,0.2,0.503,491
MKT-0972,healthcare,Q3,0.34,0.5308,0.2,0.574,142
MKT-0973,healthcare,Q2,0.245,0.9353,0.2,0.506,163
MKT-0974,tech,Q3,0.519,1.0,0.35,0.335,106
MKT-0975,energy,Q1,0.254,0.2792,0.45,0.3,376
MKT-0976,tech,Q4,0.064,0.2969,0.35,0.385,257
MKT-0977,healthcare,Q2,0.424,0.6072,0.2,0.562,177
MKT-0978,energy,Q1,0.139,0.3531,0.45,0.3,148
MKT-0979,healthcare,Q4,0.35,0.8924,0.2,0.565,81
MKT-0980,healthcare,Q3,0.318,0.7622,0.2,0.401,264
MKT-0981,finance,Q3,0.326,0.7267,0.3,0.397,357
MKT-0982,healthcare,Q1,0.9,0.8689,0.2,0.498,155
MKT-0983,finance,Q4,0.511,0.0758,0.3,0.364,50
MKT-0984,healthcare,Q3,0.549,0.8633,0.2,0.619,262
MKT-0985,finance,Q4,0.145,0.2833,0.3,0.397,354
MKT-0986,finance,Q4,0.369,0.0,0.3,0.38,205
MKT-0987,energy,Q1,0.543,0.0,0.45,0.3,162
MKT-0988,energy,Q1,0.295,0.0,0.45,0.3,119
MKT-0989,finance,Q4,0.682,0.6116,0.3,0.362,385
MKT-0990,energy,Q3,0.259,0.4501,0.45,0.3,437
MKT-0991,healthcare,Q2,0.443,0.6733,0.2,0.469,396
MKT-0992,tech,Q2,0.383,1.0,0.35,0.309,283
MKT-0993,healthcare,Q3,0.533,0.4561,0.2,0.565,375
MKT-0994,healthcare,Q4,0.372,0.5703,0.2,0.567,228
MKT-0995,finance,Q1,0.446,0.4882,0.3,0.426,61
MKT-0996,healthcare,Q3,0.453,0.5507,0.2,0.477,215
MKT-0997,energy,Q4,0.353,0.3157,0.45,0.3,366
MKT-0998,consumer,Q2,0.597,0.4896,0.15,0.51,341
MKT-0999,healthcare,Q2,0.548,0.9341,0.2,0.45,495
