facility_id,region,facility_type,facility_size,size_sqft,roof_area,sun_hours,grid_price,local_incentives,annual_consumption_kwh,solar_investment,energy_cost_savings,installation_cost
FAC-0000,Southeast,manufacturing,large,114319.0,70583.0,5.34,0.12,0,4001158.0,1,188807.94,2054943.82
FAC-0001,Southwest,office,medium,37474.0,24052.0,6.77,0.092,0,674527.0,0,956.89,0.0
FAC-0002,Northeast,warehouse,medium,30231.0,26745.0,3.7,0.154,0,241852.0,0,525.25,0.0
FAC-0003,Pacific,manufacturing,small,9676.0,6342.0,5.8,0.155,1,338648.0,1,19155.29,149229.66
FAC-0004,Southeast,retail,small,10351.0,6648.0,5.49,0.118,0,227729.0,0,318.42,0.0
FAC-0005,Pacific,office,medium,38659.0,31657.0,5.65,0.157,1,695861.0,1,83618.26,907744.45
FAC-0006,Northeast,office,large,85592.0,54126.0,4.04,0.154,1,1540660.0,1,137235.76,1548669.46
FAC-0007,Southwest,warehouse,small,7418.0,5861.0,5.75,0.115,1,59347.0,0,222.54,0.0
FAC-0008,Pacific,office,large,173964.0,147070.0,4.47,0.147,1,3131347.0,1,168343.81,1843979.59
FAC-0009,Midwest,retail,medium,35107.0,24233.0,4.7,0.091,1,772353.0,1,55718.74,545663.18
FAC-0010,Southwest,retail,medium,60328.0,40498.0,6.1,0.138,0,1327219.0,0,5174.54,0.0
FAC-0011,Southwest,manufacturing,medium,50726.0,40253.0,6.22,0.121,1,1775395.0,0,3018.52,0.0
FAC-0012,Southeast,retail,small,18160.0,15348.0,5.88,0.151,1,399522.0,1,48420.39,363636.43
FAC-0013,Southeast,retail,medium,66793.0,41761.0,5.59,0.106,1,1469436.0,1,89247.16,1163496.66
FAC-0014,Midwest,manufacturing,small,8559.0,6803.0,4.71,0.109,0,299556.0,1,11696.43,282844.66
FAC-0015,Southeast,manufacturing,large,206919.0,154725.0,4.79,0.113,1,7242160.0,1,140836.83,1555687.14
FAC-0016,Pacific,retail,large,284230.0,207049.0,5.57,0.156,1,6253062.0,0,22527.9,0.0
FAC-0017,Pacific,manufacturing,medium,56900.0,36532.0,5.18,0.161,0,1991515.0,0,12290.01,0.0
FAC-0018,Southeast,retail,small,17152.0,12922.0,5.92,0.1,0,377337.0,0,1530.94,0.0
FAC-0019,Southeast,manufacturing,small,5539.0,3800.0,5.58,0.092,1,193870.0,0,437.44,0.0
FAC-0020,Southwest,manufacturing,medium,57373.0,35314.0,7.69,0.147,0,2008070.0,0,11532.62,0.0
FAC-0021,Midwest,office,small,6177.0,5255.0,4.59,0.075,1,111183.0,1,6260.19,137556.74
FAC-0022,Midwest,warehouse,medium,64274.0,50360.0,3.74,0.08,0,514191.0,0,426.38,0.0
FAC-0023,Southwest,office,medium,46031.0,36123.0,7.44,0.101,1,828560.0,0,2559.03,0.0
FAC-0024,Pacific,warehouse,medium,58545.0,45415.0,5.86,0.153,1,468361.0,0,2172.99,0.0
FAC-0025,Southeast,retail,large,102171.0,61861.0,5.24,0.106,1,2247766.0,1,135655.87,1234898.4
FAC-0026,Pacific,warehouse,small,15451.0,12678.0,5.49,0.158,1,123608.0,0,821.46,0.0
FAC-0027,Southeast,office,large,174379.0,143908.0,5.26,0.092,0,3138816.0,0,12737.34,0.0
FAC-0028,Southeast,office,large,100083.0,69637.0,6.16,0.121,0,1801495.0,1,161913.0,2696169.54
FAC-0029,Midwest,office,small,5863.0,5080.0,4.9,0.073,1,105541.0,0,260.71,0.0
FAC-0030,Southwest,manufacturing,small,6091.0,3804.0,5.78,0.082,0,213201.0,0,805.45,0.0
FAC-0031,Southwest,manufacturing,large,104463.0,78116.0,7.18,0.11,1,3656221.0,1,185250.48,1954021.19
FAC-0032,Midwest,retail,medium,37143.0,24777.0,4.53,0.11,0,817140.0,1,48106.7,896015.8
FAC-0033,Midwest,manufacturing,medium,74069.0,50685.0,4.75,0.134,1,2592432.0,1,112213.91,1209417.04
FAC-0034,Northeast,retail,small,19793.0,13714.0,4.29,0.179,1,435450.0,0,2909.15,0.0
FAC-0035,Pacific,warehouse,large,258322.0,231504.0,6.72,0.146,1,2066574.0,0,11726.92,0.0
FAC-0036,Pacific,office,medium,23383.0,19732.0,6.56,0.146,0,420886.0,0,1093.82,0.0
FAC-0037,Pacific,warehouse,medium,57088.0,36197.0,5.73,0.145,0,456702.0,0,3513.56,0.0
FAC-0038,Northeast,retail,medium,28041.0,23177.0,4.74,0.178,1,616900.0,1,70697.46,563684.37
FAC-0039,Southeast,office,large,167239.0,131555.0,4.32,0.066,0,3010309.0,0,5862.95,0.0
FAC-0040,Southeast,warehouse,medium,27733.0,17903.0,5.38,0.081,1,221862.0,1,17012.38,388917.7
FAC-0041,Southwest,warehouse,small,9179.0,5840.0,6.34,0.081,1,73431.0,1,4334.0,117676.93
FAC-0042,Midwest,warehouse,medium,75252.0,51402.0,4.81,0.105,1,602019.0,1,52701.19,1235978.86
FAC-0043,Northeast,warehouse,medium,62801.0,47321.0,3.84,0.141,1,502408.0,1,45974.57,1082127.59
FAC-0044,Southeast,office,small,8172.0,7086.0,6.04,0.118,0,147091.0,0,288.55,0.0
FAC-0045,Midwest,warehouse,medium,41785.0,32226.0,5.01,0.062,1,334280.0,1,14163.09,695614.67
FAC-0046,Southwest,warehouse,small,18451.0,13343.0,6.7,0.108,0,147612.0,0,341.06,0.0
FAC-0047,Pacific,manufacturing,medium,66170.0,46127.0,5.31,0.146,1,2315935.0,1,102526.79,1065394.35
FAC-0048,Northeast,office,small,12989.0,8317.0,4.5,0.148,1,233799.0,0,1301.16,0.0
FAC-0049,Southeast,retail,medium,77902.0,63822.0,6.42,0.102,0,1713836.0,0,2675.98,0.0
FAC-0050,Midwest,warehouse,small,7464.0,5650.0,4.94,0.083,0,59712.0,0,128.11,0.0
FAC-0051,Southeast,office,medium,73974.0,56447.0,4.08,0.105,1,1331541.0,0,5272.45,0.0
FAC-0052,Southeast,manufacturing,small,14301.0,11964.0,4.97,0.083,1,500538.0,0,542.33,0.0
FAC-0053,Pacific,retail,medium,70787.0,50909.0,6.0,0.131,1,1557317.0,0,8221.65,0.0
FAC-0054,Midwest,office,medium,40742.0,35549.0,3.61,0.12,0,733352.0,0,1444.51,0.0
FAC-0055,Midwest,retail,small,18982.0,16642.0,5.82,0.074,0,417599.0,0,874.82,0.0
FAC-0056,Midwest,retail,large,296665.0,252661.0,4.53,0.112,0,6526631.0,1,133025.26,1880211.03
FAC-0057,Southeast,office,medium,40781.0,33491.0,4.91,0.07,0,734054.0,1,31604.89,1142026.7
FAC-0058,Southeast,office,large,82881.0,66227.0,5.07,0.078,1,1491854.0,0,3258.47,0.0
FAC-0059,Midwest,retail,small,8077.0,5990.0,4.57,0.076,0,177696.0,0,421.35,0.0
FAC-0060,Southeast,manufacturing,medium,30916.0,27324.0,4.5,0.084,0,1082049.0,0,1055.35,0.0
FAC-0061,Midwest,warehouse,small,8466.0,5344.0,4.11,0.08,0,67729.0,0,78.95,0.0
FAC-0062,Southwest,retail,medium,43831.0,28994.0,6.8,0.104,1,964282.0,1,53255.33,876552.2
FAC-0063,Pacific,warehouse,medium,55418.0,43627.0,6.68,0.165,1,443342.0,1,45470.87,1252434.4
FAC-0064,Southwest,office,large,173547.0,105298.0,6.65,0.076,0,3123845.0,1,107262.2,2181345.74
FAC-0065,Southwest,warehouse,large,201919.0,160612.0,6.55,0.101,1,1615353.0,1,134140.32,2143594.75
FAC-0066,Northeast,manufacturing,medium,74865.0,53524.0,3.69,0.161,1,2620265.0,0,4796.01,0.0
FAC-0067,Southeast,office,small,15786.0,11726.0,5.49,0.11,0,284142.0,1,19126.06,356238.99
FAC-0068,Northeast,office,small,13953.0,8818.0,4.09,0.153,1,251148.0,0,1129.32,0.0
FAC-0069,Midwest,warehouse,medium,41658.0,36459.0,4.22,0.064,0,333267.0,0,814.09,0.0
FAC-0070,Pacific,manufacturing,medium,34980.0,23309.0,6.21,0.143,1,1224303.0,0,3809.3,0.0
FAC-0071,Pacific,office,large,211179.0,141280.0,6.14,0.119,0,3801229.0,1,213374.25,2481927.7
FAC-0072,Midwest,manufacturing,medium,56952.0,34588.0,4.54,0.111,0,1993313.0,0,12430.12,0.0
FAC-0073,Southeast,manufacturing,medium,79045.0,57334.0,4.86,0.132,1,2766575.0,1,127324.98,1323291.5
FAC-0074,Southeast,warehouse,small,5268.0,3768.0,4.66,0.114,0,42145.0,0,71.43,0.0
FAC-0075,Pacific,manufacturing,medium,79470.0,70158.0,5.69,0.163,1,2781454.0,1,262369.22,1563956.59
FAC-0076,Southwest,office,large,274433.0,241041.0,7.21,0.099,0,4939792.0,1,198002.29,2479096.23
FAC-0077,Northeast,warehouse,medium,35936.0,31143.0,3.65,0.171,0,287488.0,1,37065.55,1000308.87
FAC-0078,Southeast,office,medium,33211.0,20685.0,5.19,0.124,0,597798.0,0,3601.61,0.0
FAC-0079,Northeast,retail,small,16961.0,14590.0,3.43,0.176,0,373151.0,0,2403.16,0.0
FAC-0080,Midwest,retail,small,18078.0,11545.0,5.1,0.074,1,397708.0,0,1239.45,0.0
FAC-0081,Southeast,retail,medium,35588.0,27118.0,5.2,0.094,0,782941.0,0,3643.09,0.0
FAC-0082,Southeast,retail,medium,76234.0,47292.0,5.74,0.079,1,1677142.0,0,3024.29,0.0
FAC-0083,Pacific,retail,large,246818.0,149911.0,5.86,0.171,0,5429994.0,1,254634.18,2996765.06
FAC-0084,Southeast,warehouse,medium,61621.0,38495.0,5.76,0.126,1,492967.0,0,1063.02,0.0
FAC-0085,Southeast,office,medium,79039.0,68624.0,5.15,0.086,1,1422696.0,0,2817.42,0.0
FAC-0086,Pacific,retail,medium,72117.0,59949.0,6.03,0.152,0,1586583.0,1,148136.36,2325768.39
FAC-0087,Northeast,warehouse,small,15283.0,11424.0,4.35,0.163,1,122268.0,0,415.17,0.0
FAC-0088,Northeast,warehouse,small,10887.0,7485.0,4.39,0.169,0,87099.0,1,9944.88,312800.86
FAC-0089,Southwest,manufacturing,medium,53579.0,37395.0,6.3,0.092,1,1875262.0,1,73193.11,911541.14
FAC-0090,Southwest,manufacturing,medium,32009.0,20210.0,7.2,0.128,1,1120316.0,0,2053.84,0.0
FAC-0091,Pacific,retail,medium,68890.0,59827.0,5.98,0.166,1,1515569.0,0,7984.32,0.0
FAC-0092,Midwest,warehouse,small,8707.0,5797.0,4.76,0.079,0,69652.0,0,159.76,0.0
FAC-0093,Pacific,manufacturing,large,95884.0,58412.0,6.18,0.135,0,3355928.0,0,14971.7,0.0
FAC-0094,Southeast,office,medium,22407.0,17334.0,6.04,0.091,0,403318.0,0,1410.7,0.0
FAC-0095,Northeast,warehouse,large,241285.0,154295.0,3.71,0.17,1,1930279.0,1,202262.65,1558949.3
FAC-0096,Pacific,warehouse,medium,46718.0,33066.0,5.22,0.146,1,373747.0,0,968.04,0.0
FAC-0097,Midwest,retail,small,11807.0,7685.0,5.08,0.048,0,259751.0,0,255.56,0.0
FAC-0098,Midwest,warehouse,medium,22200.0,17741.0,5.11,0.088,0,177602.0,0,682.61,0.0
FAC-0099,Southeast,office,small,19049.0,14014.0,5.1,0.096,0,342884.0,1,21580.0,585622.14
FAC-0100,Pacific,retail,small,14587.0,11008.0,6.84,0.137,1,320910.0,1,26320.13,304297.39
FAC-0101,Pacific,manufacturing,small,11656.0,9416.0,6.12,0.139,0,407969.0,0,2240.45,0.0
FAC-0102,Southwest,manufacturing,large,224955.0,161553.0,6.11,0.116,0,7873418.0,0,10818.31,0.0
FAC-0103,Pacific,manufacturing,large,168911.0,117918.0,5.96,0.161,0,5911880.0,0,27579.0,0.0
FAC-0104,Pacific,office,small,5086.0,3656.0,5.36,0.171,1,91555.0,1,12277.16,98740.66
FAC-0105,Northeast,retail,medium,48751.0,34241.0,4.5,0.132,0,1072520.0,0,4065.28,0.0
FAC-0106,Midwest,manufacturing,large,123071.0,74122.0,4.88,0.096,1,4307490.0,0,5015.39,0.0
FAC-0107,Southwest,warehouse,medium,38437.0,29280.0,6.78,0.128,0,307499.0,0,883.14,0.0
FAC-0108,Southwest,manufacturing,small,7722.0,4881.0,5.7,0.119,0,270255.0,0,1277.75,0.0
FAC-0109,Midwest,manufacturing,large,130178.0,86388.0,4.53,0.062,0,4556214.0,0,8004.49,0.0
FAC-0110,Southwest,warehouse,large,226861.0,142619.0,6.08,0.153,0,1814888.0,1,200687.75,1982678.87
FAC-0111,Southwest,manufacturing,medium,33917.0,26399.0,6.73,0.116,1,1187089.0,0,3612.23,0.0
FAC-0112,Southeast,manufacturing,medium,27704.0,22642.0,4.39,0.111,1,969628.0,1,44626.89,506391.06
FAC-0113,Southeast,office,small,6014.0,4583.0,4.69,0.107,0,108255.0,0,291.59,0.0
FAC-0114,Midwest,manufacturing,large,182345.0,112697.0,4.78,0.092,1,6382083.0,0,9571.47,0.0
FAC-0115,Northeast,office,large,283979.0,190378.0,4.04,0.138,0,5111624.0,0,21608.35,0.0
FAC-0116,Pacific,manufacturing,medium,65316.0,55376.0,6.15,0.159,1,2286068.0,1,179472.91,1703119.23
FAC-0117,Northeast,office,medium,56036.0,49077.0,3.88,0.165,0,1008642.0,1,131547.62,1378218.61
FAC-0118,Pacific,retail,medium,68356.0,47261.0,5.71,0.125,1,1503822.0,0,4500.65,0.0
FAC-0119,Pacific,retail,small,18841.0,15628.0,5.89,0.14,1,414510.0,1,33940.62,320257.79
FAC-0120,Southwest,retail,small,13243.0,9185.0,5.06,0.116,1,291345.0,0,725.6,0.0
FAC-0121,Southwest,manufacturing,small,11897.0,7344.0,7.11,0.099,1,416395.0,1,16677.15,204642.63
FAC-0122,Southwest,retail,medium,56913.0,44800.0,5.22,0.129,1,1252090.0,0,4281.45,0.0
FAC-0123,Southeast,manufacturing,large,171554.0,127705.0,4.61,0.089,0,6004386.0,1,99815.27,2146351.64
FAC-0124,Pacific,retail,large,200551.0,147668.0,5.2,0.139,1,4412124.0,0,15388.77,0.0
FAC-0125,Northeast,retail,large,149390.0,120474.0,3.19,0.128,0,3286569.0,1,120293.28,2394162.15
FAC-0126,Midwest,retail,medium,56836.0,42941.0,4.73,0.076,0,1250392.0,0,1141.63,0.0
FAC-0127,Southwest,warehouse,small,19348.0,13330.0,6.27,0.134,0,154780.0,1,12239.25,370561.56
FAC-0128,Midwest,warehouse,large,292929.0,201721.0,4.8,0.116,0,2343434.0,1,153464.82,2599392.29
FAC-0129,Northeast,retail,small,16981.0,13255.0,4.28,0.191,0,373576.0,0,1131.38,0.0
FAC-0130,Southeast,warehouse,large,176669.0,138488.0,5.09,0.094,0,1413353.0,0,2949.01,0.0
FAC-0131,Pacific,warehouse,large,265240.0,217111.0,5.93,0.153,1,2121917.0,1,291336.14,2197171.18
FAC-0132,Southwest,warehouse,small,15890.0,11945.0,6.75,0.124,0,127118.0,0,507.11,0.0
FAC-0133,Midwest,manufacturing,large,181543.0,109434.0,3.62,0.107,0,6353993.0,1,92979.08,2775079.84
FAC-0134,Southwest,manufacturing,medium,31281.0,26124.0,6.43,0.11,0,1094852.0,1,65216.27,747025.2
FAC-0135,Southeast,retail,large,238856.0,206815.0,4.65,0.066,0,5254823.0,0,4026.12,0.0
FAC-0136,Midwest,manufacturing,medium,55292.0,43830.0,4.56,0.076,0,1935225.0,0,5552.91,0.0
FAC-0137,Southeast,office,large,153532.0,128272.0,5.5,0.119,0,2763584.0,0,5582.9,0.0
FAC-0138,Southeast,warehouse,medium,55894.0,50276.0,5.29,0.112,0,447148.0,0,2019.24,0.0
FAC-0139,Pacific,manufacturing,medium,31069.0,21759.0,5.32,0.129,1,1087400.0,1,70038.54,495026.48
FAC-0140,Southeast,retail,large,180801.0,134677.0,5.19,0.135,0,3977625.0,0,22660.69,0.0
FAC-0141,Southwest,manufacturing,large,92552.0,63366.0,5.95,0.092,0,3239321.0,1,114165.98,2421260.2
FAC-0142,Southeast,warehouse,large,93784.0,81773.0,5.25,0.077,0,750270.0,0,2688.05,0.0
FAC-0143,Pacific,office,small,8902.0,6027.0,6.06,0.118,0,160243.0,0,974.95,0.0
FAC-0144,Midwest,warehouse,medium,33519.0,28665.0,5.01,0.143,1,268152.0,0,1521.26,0.0
FAC-0145,Northeast,office,small,12270.0,10491.0,3.82,0.151,1,220868.0,0,1274.7,0.0
FAC-0146,Southwest,retail,medium,23117.0,15267.0,6.15,0.1,1,508583.0,0,1612.38,0.0
FAC-0147,Pacific,warehouse,large,249843.0,151942.0,5.67,0.139,0,1998742.0,0,7686.68,0.0
FAC-0148,Southwest,retail,medium,66537.0,43989.0,5.58,0.114,0,1463808.0,0,5641.08,0.0
FAC-0149,Pacific,warehouse,medium,67596.0,57940.0,6.44,0.135,0,540765.0,1,48671.24,1689037.19
FAC-0150,Pacific,warehouse,medium,56918.0,49218.0,5.81,0.168,0,455343.0,0,4216.18,0.0
FAC-0151,Southwest,office,large,203146.0,154030.0,7.22,0.122,1,3656633.0,0,8032.72,0.0
FAC-0152,Pacific,office,large,183657.0,155464.0,4.74,0.128,1,3305825.0,0,10433.0,0.0
FAC-0153,Pacific,warehouse,small,7130.0,5879.0,5.38,0.164,1,57037.0,0,311.58,0.0
FAC-0154,Pacific,warehouse,medium,39506.0,24529.0,5.94,0.135,1,316050.0,0,1026.23,0.0
FAC-0155,Northeast,warehouse,medium,38237.0,33705.0,4.51,0.167,0,305894.0,0,1093.8,0.0
FAC-0156,Pacific,manufacturing,medium,46823.0,40239.0,4.71,0.157,0,1638817.0,1,108964.75,1600241.11
FAC-0157,Southeast,manufacturing,large,291818.0,238708.0,5.41,0.118,1,10213640.0,0,16526.86,0.0
FAC-0158,Midwest,warehouse,medium,20744.0,14321.0,3.7,0.106,1,165954.0,0,228.82,0.0
FAC-0159,Pacific,warehouse,small,8593.0,6658.0,6.66,0.125,0,68741.0,0,126.21,0.0
FAC-0160,Southwest,manufacturing,large,205790.0,155420.0,5.59,0.096,1,7202647.0,0,23297.19,0.0
FAC-0161,Midwest,manufacturing,medium,34246.0,21618.0,4.98,0.085,0,1198610.0,0,2629.61,0.0
FAC-0162,Midwest,manufacturing,medium,35263.0,26157.0,4.39,0.049,1,1234222.0,0,1284.91,0.0
FAC-0163,Southwest,warehouse,small,5551.0,4667.0,5.77,0.12,1,44407.0,0,174.99,0.0
FAC-0164,Southwest,warehouse,medium,50445.0,37736.0,6.3,0.097,1,403558.0,1,27366.2,1013901.84
FAC-0165,Southeast,retail,large,220008.0,135380.0,5.45,0.132,1,4840183.0,1,212342.23,1717638.49
FAC-0166,Southwest,manufacturing,medium,24811.0,21896.0,7.11,0.133,1,868378.0,0,1288.23,0.0
FAC-0167,Midwest,manufacturing,large,94618.0,71927.0,4.62,0.056,0,3311618.0,0,2040.41,0.0
FAC-0168,Southwest,office,medium,59137.0,47768.0,7.42,0.095,1,1064475.0,1,87719.54,1404497.65
FAC-0169,Pacific,office,large,161658.0,126145.0,5.67,0.161,1,2909843.0,1,271907.48,1526563.81
FAC-0170,Pacific,warehouse,medium,58749.0,41253.0,5.72,0.126,1,469995.0,0,1773.05,0.0
FAC-0171,Pacific,manufacturing,medium,49135.0,36932.0,5.5,0.138,1,1719738.0,1,108109.66,796909.99
FAC-0172,Southwest,office,large,105551.0,93600.0,6.85,0.103,0,1899910.0,0,8197.85,0.0
FAC-0173,Southeast,warehouse,medium,52502.0,44632.0,4.46,0.064,1,420018.0,1,15428.99,1059234.78
FAC-0174,Southeast,manufacturing,large,110623.0,81110.0,5.1,0.147,0,3871815.0,0,28504.61,0.0
FAC-0175,Midwest,office,small,5592.0,3737.0,5.48,0.095,0,100654.0,1,8592.86,105448.61
FAC-0176,Midwest,retail,small,19161.0,17135.0,5.06,0.089,0,421534.0,0,855.2,0.0
FAC-0177,Southeast,office,medium,71935.0,51957.0,4.84,0.11,0,1294823.0,0,2742.54,0.0
FAC-0178,Southwest,office,large,93741.0,81089.0,6.8,0.051,0,1687332.0,0,1111.81,0.0
FAC-0179,Midwest,warehouse,medium,41523.0,28386.0,4.38,0.109,1,332183.0,1,28563.9,838553.09
FAC-0180,Midwest,manufacturing,small,16534.0,14116.0,4.12,0.094,0,578684.0,1,19026.9,448103.71
FAC-0181,Southwest,retail,large,194967.0,134502.0,6.43,0.11,0,4289271.0,0,5204.27,0.0
FAC-0182,Southwest,warehouse,medium,36860.0,32392.0,6.91,0.106,1,294882.0,1,20263.91,868622.74
FAC-0183,Southeast,warehouse,medium,50185.0,38932.0,5.21,0.087,0,401480.0,1,26518.13,1526307.09
FAC-0184,Pacific,office,medium,66521.0,49825.0,5.45,0.132,0,1197374.0,1,111288.65,1524617.26
FAC-0185,Midwest,retail,small,5057.0,3514.0,4.51,0.085,1,111261.0,0,195.47,0.0
FAC-0186,Midwest,office,large,292097.0,183083.0,4.47,0.13,0,5257751.0,0,28515.83,0.0
FAC-0187,Pacific,retail,large,103180.0,86109.0,6.42,0.131,1,2269966.0,0,9066.93,0.0
FAC-0188,Southeast,warehouse,medium,42189.0,35028.0,5.82,0.094,0,337510.0,1,25563.41,1038510.25
FAC-0189,Midwest,warehouse,medium,59098.0,41055.0,4.46,0.066,0,472787.0,1,28499.01,1263535.97
FAC-0190,Southeast,warehouse,small,12738.0,7699.0,4.44,0.077,1,101903.0,1,3996.1,199857.45
FAC-0191,Northeast,office,small,19452.0,13491.0,3.9,0.174,0,350145.0,0,982.68,0.0
FAC-0192,Southwest,retail,large,83862.0,57696.0,6.55,0.141,1,1844953.0,1,170142.83,1799839.87
FAC-0193,Pacific,retail,small,16748.0,12049.0,5.12,0.132,1,368455.0,1,30545.37,343583.89
FAC-0194,Northeast,retail,small,19141.0,14611.0,3.37,0.148,1,421099.0,1,30026.14,313020.38
FAC-0195,Pacific,office,medium,35594.0,31154.0,6.51,0.135,0,640697.0,0,880.17,0.0
FAC-0196,Southwest,manufacturing,small,11715.0,8891.0,6.5,0.077,0,410029.0,1,15714.75,309912.6
FAC-0197,Southeast,warehouse,small,11683.0,9967.0,5.89,0.091,0,93465.0,1,7190.54,417792.93
FAC-0198,Midwest,manufacturing,large,210583.0,130967.0,4.58,0.091,1,7370419.0,0,32326.12,0.0
FAC-0199,Midwest,office,small,15775.0,12620.0,4.51,0.095,0,283949.0,0,247.85,0.0
FAC-0200,Southwest,retail,medium,58062.0,40440.0,6.73,0.124,1,1277360.0,1,115468.22,852773.36
FAC-0201,Southeast,retail,medium,22695.0,16148.0,5.08,0.128,0,499283.0,0,1993.53,0.0
FAC-0202,Southeast,warehouse,large,224459.0,150863.0,5.21,0.081,1,1795671.0,1,89430.15,1644591.44
FAC-0203,Pacific,office,medium,51002.0,34923.0,5.71,0.156,0,918034.0,0,3713.63,0.0
FAC-0204,Midwest,office,medium,55468.0,38798.0,4.32,0.099,1,998421.0,1,53147.32,1135463.62
FAC-0205,Pacific,manufacturing,medium,59279.0,51144.0,5.9,0.104,1,2074766.0,1,110703.45,1469390.25
FAC-0206,Southwest,office,medium,78385.0,54184.0,5.99,0.095,1,1410924.0,0,6968.79,0.0
FAC-0207,Midwest,office,large,236777.0,200084.0,3.93,0.081,0,4261980.0,0,15077.45,0.0
FAC-0208,Midwest,manufacturing,medium,24707.0,20082.0,4.74,0.079,0,864757.0,0,846.88,0.0
FAC-0209,Southeast,manufacturing,medium,50831.0,36130.0,4.45,0.122,0,1779094.0,0,8990.7,0.0
FAC-0210,Midwest,warehouse,large,155975.0,109289.0,5.03,0.109,0,1247802.0,0,3608.48,0.0
FAC-0211,Midwest,office,medium,70340.0,57053.0,4.31,0.089,1,1266117.0,0,5017.08,0.0
FAC-0212,Northeast,warehouse,large,269781.0,176376.0,4.12,0.188,1,2158247.0,1,223789.98,1650975.92
FAC-0213,Pacific,manufacturing,medium,57492.0,48860.0,5.37,0.133,1,2012236.0,1,127390.44,1165642.05
FAC-0214,Midwest,manufacturing,medium,24101.0,16527.0,5.41,0.077,0,843542.0,1,25727.82,608614.42
FAC-0215,Midwest,office,small,16264.0,11107.0,4.75,0.097,1,292754.0,0,484.71,0.0
FAC-0216,Pacific,office,small,16068.0,11311.0,5.05,0.127,1,289229.0,1,26196.23,352104.52
FAC-0217,Midwest,warehouse,small,19271.0,15026.0,3.86,0.12,1,154171.0,1,16594.37,340359.44
FAC-0218,Midwest,manufacturing,medium,36266.0,31182.0,4.78,0.097,1,1269302.0,0,4270.97,0.0
FAC-0219,Southwest,warehouse,medium,77455.0,65987.0,7.35,0.121,0,619639.0,1,40276.73,2182777.02
FAC-0220,Southwest,retail,medium,35523.0,29023.0,6.51,0.108,0,781499.0,0,1581.42,0.0
FAC-0221,Southwest,manufacturing,large,127169.0,86633.0,6.63,0.144,0,4450930.0,0,8240.15,0.0
FAC-0222,Pacific,retail,large,199736.0,131843.0,6.51,0.154,0,4394189.0,0,9186.83,0.0
FAC-0223,Northeast,warehouse,medium,73721.0,61646.0,3.9,0.203,1,589766.0,0,2998.85,0.0
FAC-0224,Southeast,retail,medium,69485.0,50944.0,4.85,0.1,0,1528661.0,0,2067.63,0.0
FAC-0225,Midwest,warehouse,small,7407.0,5920.0,5.22,0.093,0,59256.0,1,3661.88,184289.92
FAC-0226,Southwest,office,medium,41227.0,34499.0,6.77,0.105,0,742092.0,0,2015.27,0.0
FAC-0227,Pacific,office,small,13301.0,11407.0,5.8,0.158,0,239410.0,0,1096.18,0.0
FAC-0228,Midwest,manufacturing,small,7689.0,4884.0,4.99,0.108,0,269108.0,1,8605.61,155470.23
FAC-0229,Southwest,office,small,14116.0,10126.0,6.71,0.095,0,254093.0,0,726.65,0.0
FAC-0230,Southeast,office,medium,62129.0,46599.0,5.71,0.095,0,1118318.0,0,1411.69,0.0
FAC-0231,Southeast,manufacturing,small,8094.0,5352.0,5.33,0.046,1,283282.0,0,171.74,0.0
FAC-0232,Northeast,manufacturing,medium,35196.0,28757.0,4.62,0.163,0,1231872.0,0,6537.06,0.0
FAC-0233,Northeast,retail,small,18238.0,13065.0,3.69,0.154,0,401245.0,0,858.75,0.0
FAC-0234,Midwest,office,small,17057.0,13095.0,3.96,0.076,0,307030.0,0,280.32,0.0
FAC-0235,Midwest,manufacturing,medium,33060.0,24636.0,3.4,0.095,1,1157102.0,0,4236.94,0.0
FAC-0236,Midwest,retail,large,227655.0,178969.0,4.14,0.101,1,5008402.0,0,20546.2,0.0
FAC-0237,Northeast,retail,medium,57943.0,43004.0,4.16,0.14,1,1274757.0,1,96873.99,955819.84
FAC-0238,Southeast,office,large,233154.0,166668.0,5.46,0.121,0,4196778.0,1,192390.62,2590921.07
FAC-0239,Southeast,warehouse,small,15420.0,10476.0,5.17,0.121,0,123357.0,0,275.13,0.0
FAC-0240,Southwest,office,medium,21869.0,13342.0,6.33,0.12,0,393641.0,1,37026.71,536865.92
FAC-0241,Southeast,retail,large,134782.0,104188.0,5.05,0.115,0,2965202.0,0,7122.98,0.0
FAC-0242,Southwest,warehouse,medium,41626.0,32046.0,7.04,0.084,1,333005.0,1,23884.99,645638.32
FAC-0243,Pacific,manufacturing,medium,71866.0,55645.0,6.11,0.175,1,2515310.0,1,223760.95,1705604.07
FAC-0244,Pacific,office,medium,79738.0,63380.0,6.11,0.158,0,1435282.0,1,174886.72,2036184.46
FAC-0245,Pacific,office,small,15363.0,10487.0,6.39,0.148,0,276539.0,1,27319.59,350456.37
FAC-0246,Midwest,warehouse,large,214133.0,173425.0,4.71,0.099,0,1713067.0,0,4469.06,0.0
FAC-0247,Northeast,retail,small,13748.0,8463.0,3.84,0.159,1,302453.0,0,2071.02,0.0
FAC-0248,Pacific,warehouse,medium,73166.0,60086.0,6.25,0.127,0,585325.0,1,60093.42,2017308.98
FAC-0249,Pacific,office,small,6005.0,5139.0,5.84,0.127,1,108094.0,1,9327.38,117478.73
FAC-0250,Southwest,warehouse,small,19596.0,14343.0,6.94,0.097,1,156769.0,1,9417.35,342575.06
FAC-0251,Midwest,warehouse,small,17135.0,14726.0,4.21,0.052,0,137083.0,0,107.97,0.0
FAC-0252,Northeast,warehouse,medium,36418.0,22750.0,3.06,0.152,0,291347.0,1,35530.09,802959.22
FAC-0253,Midwest,retail,large,264824.0,237503.0,4.34,0.084,1,5826123.0,1,116645.81,1821855.15
FAC-0254,Northeast,office,large,152211.0,112057.0,3.75,0.167,1,2739803.0,0,9264.49,0.0
FAC-0255,Northeast,warehouse,medium,42330.0,27192.0,4.81,0.134,1,338643.0,1,29615.75,800555.15
FAC-0256,Southeast,retail,large,162401.0,136306.0,4.84,0.095,0,3572813.0,0,14999.88,0.0
FAC-0257,Southwest,retail,small,8745.0,7531.0,6.01,0.121,0,192391.0,1,18024.06,239355.32
FAC-0258,Southwest,retail,medium,37488.0,25171.0,6.47,0.128,0,824728.0,0,1236.8,0.0
FAC-0259,Northeast,manufacturing,large,117556.0,71608.0,3.75,0.148,0,4114454.0,0,25133.76,0.0
FAC-0260,Northeast,warehouse,medium,53070.0,45202.0,3.22,0.154,1,424557.0,0,802.03,0.0
FAC-0261,Southwest,retail,medium,65046.0,54107.0,6.88,0.125,0,1431016.0,0,4052.8,0.0
FAC-0262,Southwest,retail,small,12871.0,9055.0,6.75,0.114,1,283163.0,0,1302.15,0.0
FAC-0263,Pacific,manufacturing,large,291939.0,176064.0,5.57,0.16,0,10217874.0,0,40514.84,0.0
FAC-0264,Southeast,office,small,8916.0,7852.0,4.97,0.077,0,160483.0,1,7828.68,224712.15
FAC-0265,Pacific,office,medium,48258.0,39830.0,5.23,0.149,0,868637.0,0,6019.99,0.0
FAC-0266,Southwest,warehouse,small,14953.0,12940.0,7.07,0.088,1,119623.0,1,6105.04,381765.28
FAC-0267,Southwest,office,medium,49569.0,38606.0,5.56,0.086,1,892245.0,1,58639.42,916904.5
FAC-0268,Midwest,retail,medium,53996.0,46951.0,3.67,0.071,1,1187919.0,0,3598.31,0.0
FAC-0269,Northeast,retail,small,8220.0,6754.0,3.54,0.161,0,180850.0,1,13072.15,237725.32
FAC-0270,Southeast,retail,large,293339.0,213953.0,4.98,0.097,1,6453462.0,1,138076.08,1619599.04
FAC-0271,Northeast,retail,medium,48641.0,34475.0,3.33,0.148,1,1070103.0,1,71366.58,875073.11
FAC-0272,Pacific,office,small,17126.0,12635.0,6.01,0.136,1,308270.0,0,1489.13,0.0
FAC-0273,Northeast,warehouse,medium,78269.0,63744.0,4.02,0.157,1,626152.0,0,4351.6,0.0
FAC-0274,Midwest,office,small,13260.0,11197.0,3.72,0.118,1,238679.0,1,21066.1,307484.46
FAC-0275,Southwest,warehouse,medium,69638.0,50540.0,6.07,0.08,0,557105.0,0,2214.98,0.0
FAC-0276,Southwest,retail,large,218561.0,157574.0,6.6,0.143,0,4808332.0,0,26122.24,0.0
FAC-0277,Pacific,retail,medium,42742.0,28866.0,5.94,0.139,1,940333.0,1,104570.34,679192.89
FAC-0278,Southwest,warehouse,small,19675.0,16104.0,7.15,0.086,0,157403.0,0,328.79,0.0
FAC-0279,Pacific,manufacturing,small,14893.0,13129.0,6.23,0.149,1,521241.0,1,41851.1,323170.68
FAC-0280,Southwest,office,small,16359.0,11745.0,7.02,0.143,1,294466.0,1,24338.68,351705.29
FAC-0281,Pacific,warehouse,medium,54437.0,33130.0,5.55,0.136,0,435496.0,0,691.57,0.0
FAC-0282,Northeast,retail,medium,36514.0,24883.0,3.88,0.176,0,803316.0,1,66265.08,741079.41
FAC-0283,Southwest,retail,large,154240.0,132832.0,6.74,0.052,1,3393279.0,1,92858.12,1542403.71
FAC-0284,Northeast,manufacturing,large,138998.0,98456.0,4.85,0.143,1,4864943.0,1,165945.92,1947519.41
FAC-0285,Southeast,retail,large,170487.0,114594.0,5.5,0.12,0,3750711.0,0,12198.28,0.0
FAC-0286,Southwest,office,medium,36239.0,32534.0,6.95,0.147,0,652295.0,0,2384.29,0.0
FAC-0287,Southeast,manufacturing,medium,32092.0,25889.0,6.08,0.104,0,1123210.0,1,77896.28,695958.87
FAC-0288,Pacific,warehouse,large,135666.0,116628.0,5.57,0.158,0,1085326.0,0,6278.27,0.0
FAC-0289,Southeast,manufacturing,small,8394.0,6611.0,6.09,0.084,1,293793.0,1,14297.25,196494.59
FAC-0290,Southwest,office,medium,75732.0,56011.0,5.96,0.148,0,1363168.0,1,135692.44,1514769.22
FAC-0291,Pacific,manufacturing,medium,24164.0,18854.0,5.84,0.153,1,845728.0,1,66871.89,436527.6
FAC-0292,Northeast,retail,medium,60582.0,53541.0,3.56,0.146,0,1332797.0,0,7317.69,0.0
FAC-0293,Northeast,warehouse,medium,69891.0,55559.0,3.38,0.156,0,559129.0,0,1170.2,0.0
FAC-0294,Southwest,office,medium,20774.0,17769.0,6.54,0.121,0,373929.0,1,36718.47,575219.79
FAC-0295,Southwest,office,small,6450.0,4729.0,5.71,0.131,0,116094.0,0,654.12,0.0
FAC-0296,Southeast,office,medium,60932.0,38994.0,4.74,0.107,0,1096767.0,0,4679.19,0.0
FAC-0297,Northeast,manufacturing,medium,21541.0,15788.0,4.18,0.181,1,753948.0,1,53949.91,330973.88
FAC-0298,Northeast,office,medium,23422.0,18168.0,3.23,0.165,0,421589.0,0,972.15,0.0
FAC-0299,Southeast,manufacturing,medium,68595.0,56184.0,5.19,0.128,0,2400841.0,1,131340.73,1967253.15
FAC-0300,Southeast,warehouse,large,248636.0,201552.0,5.81,0.077,0,1989088.0,0,4577.28,0.0
FAC-0301,Southeast,manufacturing,small,19540.0,13713.0,5.13,0.075,0,683894.0,0,1442.64,0.0
FAC-0302,Southeast,warehouse,medium,44890.0,35818.0,6.2,0.084,1,359116.0,0,1501.39,0.0
FAC-0303,Southwest,manufacturing,medium,44088.0,28130.0,6.57,0.088,0,1543070.0,1,51890.68,983138.27
FAC-0304,Northeast,manufacturing,large,198861.0,124047.0,4.43,0.163,1,6960147.0,1,172415.97,1908854.85
FAC-0305,Southwest,manufacturing,large,97641.0,72552.0,5.93,0.132,0,3417438.0,1,252754.47,2014889.07
FAC-0306,Pacific,warehouse,large,169193.0,127721.0,6.14,0.143,0,1353544.0,0,7694.59,0.0
FAC-0307,Southwest,manufacturing,medium,23274.0,20265.0,6.92,0.084,1,814587.0,1,46949.56,596779.69
FAC-0308,Northeast,manufacturing,medium,69556.0,58102.0,3.24,0.195,0,2434458.0,0,17162.95,0.0
FAC-0309,Northeast,warehouse,small,14065.0,9396.0,3.36,0.148,1,112523.0,1,10812.81,207439.22
FAC-0310,Southeast,office,small,12676.0,10796.0,5.21,0.077,1,228161.0,1,13766.48,283700.5
FAC-0311,Pacific,warehouse,small,5661.0,4493.0,5.89,0.13,1,45288.0,1,3967.76,94998.32
FAC-0312,Northeast,office,small,19843.0,12754.0,4.49,0.118,1,357166.0,1,24161.67,324866.45
FAC-0313,Southeast,office,small,7656.0,5970.0,6.09,0.082,0,137812.0,0,173.95,0.0
FAC-0314,Southwest,manufacturing,large,282936.0,175935.0,6.05,0.084,0,9902744.0,0,16352.45,0.0
FAC-0315,Southwest,office,medium,30854.0,21605.0,6.53,0.099,0,555363.0,0,2686.9,0.0
FAC-0316,Pacific,manufacturing,small,7100.0,5118.0,5.88,0.14,1,248493.0,0,847.4,0.0
FAC-0317,Midwest,office,medium,55627.0,36071.0,3.91,0.141,0,1001283.0,1,70903.74,961167.01
FAC-0318,Southeast,manufacturing,large,204826.0,171823.0,5.54,0.129,0,7168910.0,1,215183.97,2452921.34
FAC-0319,Southeast,office,small,9284.0,7200.0,4.46,0.082,0,167119.0,0,358.87,0.0
FAC-0320,Northeast,warehouse,large,206966.0,179480.0,4.63,0.168,1,1655726.0,0,11285.82,0.0
FAC-0321,Southeast,warehouse,small,9596.0,6986.0,5.34,0.085,1,76770.0,1,4711.89,155186.76
FAC-0322,Southeast,retail,medium,58963.0,49505.0,6.35,0.07,0,1297180.0,0,4597.83,0.0
FAC-0323,Southwest,retail,small,8843.0,7585.0,6.32,0.151,1,194543.0,0,1186.85,0.0
FAC-0324,Southeast,warehouse,medium,58736.0,40588.0,5.55,0.115,0,469889.0,0,1440.31,0.0
FAC-0325,Midwest,warehouse,medium,38731.0,30736.0,4.09,0.073,0,309851.0,0,438.8,0.0
FAC-0326,Midwest,office,large,266147.0,174285.0,4.44,0.099,0,4790652.0,1,116465.75,2231560.45
FAC-0327,Pacific,office,large,248223.0,159858.0,5.57,0.147,0,4468018.0,1,226909.6,2601440.67
FAC-0328,Northeast,office,small,17036.0,15089.0,4.6,0.135,0,306647.0,0,2139.28,0.0
FAC-0329,Southwest,manufacturing,medium,35139.0,22863.0,6.29,0.111,0,1229861.0,0,3420.99,0.0
FAC-0330,Southwest,office,large,192445.0,150356.0,7.14,0.107,0,3464010.0,0,5516.66,0.0
FAC-0331,Midwest,retail,medium,26755.0,23168.0,4.97,0.111,1,588619.0,1,59487.98,537746.56
FAC-0332,Midwest,warehouse,medium,52655.0,37424.0,3.82,0.065,0,421244.0,0,1637.2,0.0
FAC-0333,Southwest,warehouse,large,210981.0,152865.0,7.65,0.138,1,1687845.0,0,8052.89,0.0
FAC-0334,Southeast,warehouse,medium,50772.0,39542.0,5.2,0.1,0,406180.0,0,478.77,0.0
FAC-0335,Southwest,retail,small,17658.0,11233.0,5.83,0.113,0,388480.0,0,629.43,0.0
FAC-0336,Northeast,office,medium,63123.0,38548.0,3.95,0.151,0,1136216.0,0,4810.86,0.0
FAC-0337,Pacific,warehouse,large,297545.0,221662.0,6.82,0.145,0,2380359.0,0,4015.22,0.0
FAC-0338,Midwest,warehouse,medium,34085.0,23901.0,3.97,0.074,1,272682.0,1,10561.22,588383.41
FAC-0339,Southeast,retail,large,103496.0,91700.0,5.44,0.097,1,2276915.0,1,125554.13,2067042.46
FAC-0340,Southwest,warehouse,medium,74566.0,63111.0,6.1,0.112,0,596526.0,1,53004.62,1669802.77
FAC-0341,Northeast,retail,large,275402.0,181701.0,3.88,0.14,1,6058846.0,1,135497.32,1541148.55
FAC-0342,Midwest,office,small,12550.0,9961.0,4.58,0.066,1,225903.0,1,9789.74,217171.05
FAC-0343,Southeast,warehouse,large,295877.0,211399.0,5.14,0.087,0,2367013.0,1,121626.83,2930322.16
FAC-0344,Pacific,manufacturing,large,153654.0,106653.0,5.1,0.166,1,5377876.0,1,229577.93,1572205.67
FAC-0345,Southwest,manufacturing,small,14014.0,11873.0,6.34,0.107,0,490496.0,1,23367.21,476907.11
FAC-0346,Southeast,warehouse,medium,38966.0,30508.0,4.9,0.072,1,311729.0,1,14816.27,645046.95
FAC-0347,Southeast,warehouse,large,243145.0,185763.0,5.09,0.103,0,1945156.0,1,138501.58,2906050.3
FAC-0348,Southeast,manufacturing,medium,77124.0,60097.0,5.08,0.067,1,2699331.0,0,6857.84,0.0
FAC-0349,Pacific,office,medium,74573.0,61795.0,5.35,0.129,1,1342312.0,0,4707.24,0.0
FAC-0350,Midwest,manufacturing,large,265909.0,191060.0,4.44,0.079,0,9306805.0,1,116248.7,2084722.28
FAC-0351,Midwest,warehouse,medium,64917.0,43157.0,3.8,0.088,0,519332.0,0,1498.78,0.0
FAC-0352,Midwest,office,small,6852.0,4192.0,4.98,0.099,0,123331.0,1,9772.43,160852.51
FAC-0353,Pacific,office,medium,24106.0,15327.0,6.13,0.16,0,433916.0,0,1900.51,0.0
FAC-0354,Pacific,retail,medium,66608.0,43598.0,5.2,0.135,0,1465374.0,0,6597.26,0.0
FAC-0355,Southwest,manufacturing,medium,60016.0,53170.0,6.19,0.117,0,2100548.0,1,129669.43,2003756.83
FAC-0356,Southwest,office,medium,56035.0,40005.0,6.67,0.112,0,1008630.0,0,3981.43,0.0
FAC-0357,Midwest,manufacturing,medium,51719.0,39089.0,4.69,0.101,1,1810179.0,1,65828.01,1073536.26
FAC-0358,Southeast,manufacturing,small,10205.0,7661.0,5.79,0.083,1,357176.0,1,15593.25,194718.87
FAC-0359,Southwest,office,large,186370.0,135816.0,6.68,0.1,1,3354652.0,1,210626.4,1458517.38
FAC-0360,Northeast,warehouse,small,5791.0,3553.0,4.59,0.156,1,46329.0,1,5298.6,93914.23
FAC-0361,Southeast,warehouse,medium,25970.0,23110.0,4.49,0.132,1,207757.0,0,835.97,0.0
FAC-0362,Northeast,warehouse,large,92369.0,68879.0,4.1,0.175,0,738955.0,1,88086.55,2366486.23
FAC-0363,Southwest,retail,small,10655.0,8576.0,7.07,0.112,1,234405.0,0,1147.99,0.0
FAC-0364,Southeast,manufacturing,large,108883.0,75446.0,5.58,0.123,1,3810917.0,1,170655.6,1926524.79
FAC-0365,Southwest,office,medium,79079.0,50540.0,6.43,0.123,1,1423427.0,1,97359.27,1015562.48
FAC-0366,Southeast,retail,large,280911.0,201242.0,5.11,0.103,0,6180032.0,0,27062.71,0.0
FAC-0367,Pacific,office,small,15512.0,10260.0,6.51,0.153,1,279218.0,1,30220.65,238905.04
FAC-0368,Pacific,manufacturing,medium,42632.0,31137.0,5.7,0.145,0,1492124.0,1,87764.26,1115609.06
FAC-0369,Southeast,warehouse,medium,37996.0,24713.0,5.91,0.077,1,303966.0,0,881.51,0.0
FAC-0370,Southwest,manufacturing,medium,62066.0,46636.0,6.36,0.112,1,2172305.0,0,7107.46,0.0
FAC-0371,Midwest,manufacturing,medium,47413.0,33939.0,4.5,0.075,0,1659465.0,0,5571.41,0.0
FAC-0372,Southwest,manufacturing,large,192775.0,132487.0,7.07,0.108,1,6747137.0,1,204253.27,1804184.75
FAC-0373,Southwest,office,small,19099.0,14240.0,6.14,0.146,0,343780.0,1,29879.17,535366.17
FAC-0374,Southeast,warehouse,small,5328.0,3944.0,4.55,0.139,1,42622.0,0,64.03,0.0
FAC-0375,Southeast,office,medium,73245.0,51326.0,5.33,0.114,0,1318418.0,0,4285.28,0.0
FAC-0376,Southeast,warehouse,large,141382.0,102006.0,4.8,0.103,1,1131055.0,1,74786.12,1479628.42
FAC-0377,Southeast,retail,large,280111.0,168586.0,4.64,0.101,1,6162442.0,1,133212.95,1990891.89
FAC-0378,Midwest,warehouse,large,169242.0,110134.0,5.76,0.089,1,1353936.0,1,91948.18,1922069.52
FAC-0379,Southeast,warehouse,large,174998.0,146041.0,5.2,0.129,0,1399980.0,1,137163.0,2143075.88
FAC-0380,Southwest,warehouse,medium,58898.0,43211.0,6.54,0.119,0,471183.0,1,41149.06,1622939.61
FAC-0381,Southeast,office,small,10917.0,9717.0,5.72,0.115,0,196509.0,0,501.92,0.0
FAC-0382,Northeast,warehouse,medium,23099.0,16537.0,3.32,0.138,1,184796.0,1,14104.16,438185.11
FAC-0383,Pacific,manufacturing,small,15740.0,12640.0,4.74,0.143,0,550892.0,1,33783.08,337843.01
FAC-0384,Pacific,warehouse,medium,77198.0,50930.0,6.4,0.109,1,617587.0,1,41030.01,1250032.39
FAC-0385,Midwest,office,small,10864.0,9126.0,4.16,0.067,0,195548.0,0,531.0,0.0
FAC-0386,Pacific,manufacturing,medium,23654.0,14262.0,4.94,0.122,0,827902.0,0,2099.74,0.0
FAC-0387,Southeast,manufacturing,medium,33510.0,26235.0,5.65,0.108,1,1172838.0,1,67647.73,696027.81
FAC-0388,Pacific,manufacturing,medium,23070.0,17247.0,5.33,0.129,1,807448.0,1,37450.96,528562.94
FAC-0389,Pacific,warehouse,medium,68477.0,43428.0,5.75,0.161,0,547820.0,0,2605.6,0.0
FAC-0390,Northeast,manufacturing,small,6222.0,4751.0,4.2,0.145,0,217760.0,1,7435.62,132700.85
FAC-0391,Midwest,retail,large,104727.0,64386.0,5.52,0.078,1,2304002.0,1,115296.63,1731816.2
FAC-0392,Pacific,warehouse,medium,36506.0,25638.0,5.96,0.137,1,292047.0,0,1633.52,0.0
FAC-0393,Midwest,manufacturing,small,19737.0,12079.0,5.04,0.112,0,690803.0,0,898.19,0.0
FAC-0394,Southeast,retail,medium,38699.0,23986.0,5.17,0.105,0,851382.0,0,3738.87,0.0
FAC-0395,Southeast,warehouse,medium,22388.0,19274.0,5.67,0.097,0,179103.0,1,14089.69,755243.71
FAC-0396,Southwest,retail,medium,34591.0,22752.0,6.78,0.124,1,760998.0,0,2743.26,0.0
FAC-0397,Southwest,manufacturing,large,120535.0,74382.0,5.49,0.133,1,4218715.0,1,210224.88,2097699.48
FAC-0398,Southeast,manufacturing,medium,21597.0,17011.0,5.98,0.11,0,755878.0,1,44627.56,704496.08
FAC-0399,Midwest,warehouse,small,17193.0,14346.0,4.71,0.107,1,137542.0,0,680.83,0.0
FAC-0400,Southeast,office,medium,22005.0,14302.0,4.78,0.111,1,396097.0,1,31197.87,409806.65
FAC-0401,Northeast,warehouse,large,114487.0,92166.0,3.81,0.189,1,915898.0,1,124307.95,2236575.49
FAC-0402,Southeast,office,small,13469.0,9155.0,5.55,0.105,1,242440.0,0,728.67,0.0
FAC-0403,Southeast,office,small,6395.0,4649.0,5.39,0.092,1,115115.0,0,195.21,0.0
FAC-0404,Southwest,retail,small,17322.0,13185.0,7.09,0.133,0,381086.0,0,642.36,0.0
FAC-0405,Northeast,retail,large,228345.0,204137.0,3.94,0.175,1,5023581.0,0,38164.2,0.0
FAC-0406,Southeast,office,medium,38622.0,34021.0,5.39,0.112,1,695201.0,1,51745.77,959547.53
FAC-0407,Southeast,warehouse,medium,57605.0,48786.0,5.56,0.114,0,460842.0,0,659.68,0.0
FAC-0408,Southwest,warehouse,large,126515.0,85973.0,6.61,0.112,0,1012119.0,0,4438.51,0.0
FAC-0409,Southeast,office,large,295904.0,233440.0,5.05,0.076,0,5326278.0,0,8377.65,0.0
FAC-0410,Southwest,warehouse,small,13712.0,11694.0,7.39,0.101,0,109692.0,1,6961.42,373566.97
FAC-0411,Northeast,office,large,255206.0,198710.0,4.1,0.156,0,4593707.0,0,20880.97,0.0
FAC-0412,Southwest,warehouse,small,18103.0,14859.0,6.53,0.07,1,144824.0,0,432.36,0.0
FAC-0413,Midwest,warehouse,small,5300.0,4003.0,5.02,0.09,0,42397.0,0,147.78,0.0
FAC-0414,Southwest,manufacturing,large,218167.0,185220.0,5.73,0.099,0,7635835.0,0,18093.37,0.0
FAC-0415,Midwest,retail,medium,49153.0,43010.0,4.47,0.085,0,1081369.0,0,3126.36,0.0
FAC-0416,Southwest,warehouse,medium,40124.0,30491.0,6.85,0.153,1,320995.0,1,27508.5,880508.14
FAC-0417,Southwest,office,small,18899.0,14272.0,7.55,0.085,0,340178.0,1,25368.38,413929.23
FAC-0418,Midwest,manufacturing,small,16652.0,14450.0,4.38,0.078,1,582831.0,0,1274.7,0.0
FAC-0419,Southwest,warehouse,small,11167.0,9646.0,7.07,0.108,1,89335.0,1,7315.35,283964.22
FAC-0420,Southwest,manufacturing,small,14244.0,9867.0,7.14,0.097,0,498553.0,0,2654.87,0.0
FAC-0421,Northeast,retail,large,261618.0,219077.0,3.76,0.171,0,5755589.0,1,189051.28,1931092.66
FAC-0422,Southwest,manufacturing,medium,21018.0,12892.0,6.86,0.112,0,735635.0,0,692.74,0.0
FAC-0423,Northeast,manufacturing,small,12548.0,8091.0,5.06,0.139,0,439191.0,0,1042.01,0.0
FAC-0424,Pacific,warehouse,medium,35192.0,29749.0,5.8,0.148,1,281535.0,0,766.41,0.0
FAC-0425,Southwest,retail,medium,25954.0,17618.0,7.51,0.099,0,570994.0,0,2425.86,0.0
FAC-0426,Southwest,warehouse,medium,72421.0,62280.0,6.0,0.115,1,579365.0,1,47439.72,1598502.01
FAC-0427,Pacific,office,large,166722.0,142457.0,5.93,0.074,1,3000994.0,0,8884.33,0.0
FAC-0428,Southeast,office,medium,34300.0,25586.0,4.83,0.094,1,617404.0,0,1266.72,0.0
FAC-0429,Southeast,office,small,13162.0,9663.0,4.57,0.098,1,236909.0,1,16652.92,276939.35
FAC-0430,Southwest,warehouse,medium,66552.0,51186.0,6.83,0.094,1,532415.0,0,865.86,0.0
FAC-0431,Midwest,retail,medium,30711.0,19182.0,4.93,0.089,0,675646.0,0,1276.66,0.0
FAC-0432,Midwest,retail,medium,60324.0,38251.0,4.79,0.102,0,1327119.0,0,1999.05,0.0
FAC-0433,Midwest,warehouse,medium,26140.0,23002.0,3.78,0.113,0,209119.0,0,357.79,0.0
FAC-0434,Pacific,warehouse,large,217520.0,192256.0,6.39,0.187,1,1740161.0,1,192312.3,2111691.57
FAC-0435,Southwest,warehouse,medium,35280.0,25480.0,6.71,0.099,0,282239.0,0,884.35,0.0
FAC-0436,Northeast,warehouse,small,9782.0,6211.0,4.29,0.172,1,78258.0,1,9272.33,179699.93
FAC-0437,Pacific,warehouse,medium,70532.0,43854.0,6.49,0.125,0,564253.0,0,1111.11,0.0
FAC-0438,Pacific,office,small,11034.0,7029.0,4.96,0.118,0,198610.0,0,325.01,0.0
FAC-0439,Southwest,manufacturing,large,103277.0,81430.0,5.77,0.1,0,3614699.0,0,13119.05,0.0
FAC-0440,Southwest,retail,medium,59043.0,51261.0,7.33,0.116,0,1298956.0,0,2678.45,0.0
FAC-0441,Southwest,warehouse,medium,21085.0,16129.0,6.94,0.141,0,168679.0,1,16372.8,639709.42
FAC-0442,Southwest,retail,large,101423.0,70075.0,5.8,0.136,0,2231303.0,1,252106.74,2121644.86
FAC-0443,Southeast,warehouse,large,247681.0,201633.0,5.72,0.107,0,1981450.0,1,145049.68,2383741.99
FAC-0444,Southwest,retail,medium,72086.0,50825.0,6.61,0.102,1,1585890.0,0,5155.05,0.0
FAC-0445,Southeast,office,medium,51557.0,36530.0,5.16,0.141,1,928022.0,1,106404.29,1031384.84
FAC-0446,Northeast,warehouse,medium,50571.0,35795.0,3.94,0.171,1,404564.0,1,43096.53,919814.45
FAC-0447,Southwest,warehouse,medium,47643.0,32123.0,7.39,0.137,0,381142.0,0,761.45,0.0
FAC-0448,Southeast,manufacturing,large,194005.0,118587.0,5.59,0.103,0,6790184.0,0,20040.23,0.0
FAC-0449,Southwest,warehouse,medium,47328.0,33462.0,6.7,0.11,0,378623.0,0,858.66,0.0
FAC-0450,Pacific,warehouse,large,262074.0,233340.0,5.92,0.158,1,2096594.0,1,261126.64,1876431.23
FAC-0451,Midwest,manufacturing,small,6322.0,5108.0,4.16,0.049,0,221275.0,0,400.23,0.0
FAC-0452,Pacific,retail,small,5896.0,4094.0,6.15,0.14,1,129722.0,1,12319.0,101152.33
FAC-0453,Southeast,manufacturing,large,182361.0,112603.0,4.98,0.091,1,6382637.0,0,19839.08,0.0
FAC-0454,Southeast,manufacturing,medium,72898.0,60680.0,6.07,0.141,1,2551434.0,1,220187.28,1889069.68
FAC-0455,Northeast,manufacturing,small,17616.0,12263.0,5.16,0.132,1,616575.0,1,34884.63,340802.22
FAC-0456,Pacific,retail,small,5830.0,5132.0,6.15,0.164,0,128269.0,0,1065.52,0.0
FAC-0457,Northeast,office,small,6903.0,5431.0,4.1,0.173,1,124256.0,1,15689.62,145662.75
FAC-0458,Southeast,warehouse,medium,27838.0,16919.0,5.54,0.086,1,222705.0,1,14140.62,515977.22
FAC-0459,Pacific,warehouse,medium,70731.0,53228.0,6.13,0.152,0,565845.0,0,1329.78,0.0
FAC-0460,Southwest,manufacturing,small,7804.0,4740.0,6.29,0.131,0,273126.0,0,1629.7,0.0
FAC-0461,Midwest,office,large,257093.0,228864.0,4.39,0.089,1,4627669.0,1,88562.14,1528118.28
FAC-0462,Southeast,office,medium,20510.0,16693.0,4.95,0.097,0,369175.0,0,632.36,0.0
FAC-0463,Northeast,office,small,15455.0,11222.0,3.72,0.158,1,278194.0,0,575.56,0.0
FAC-0464,Midwest,warehouse,large,273976.0,241803.0,4.32,0.094,0,2191808.0,1,107879.34,2214370.02
FAC-0465,Southeast,manufacturing,large,135440.0,118676.0,5.92,0.12,0,4740386.0,0,29916.27,0.0
FAC-0466,Northeast,warehouse,small,13053.0,11237.0,3.61,0.176,1,104423.0,1,13056.44,287815.83
FAC-0467,Midwest,office,small,12276.0,7998.0,3.9,0.102,0,220970.0,0,654.05,0.0
FAC-0468,Southwest,office,medium,40280.0,31266.0,6.45,0.093,0,725039.0,0,1951.14,0.0
FAC-0469,Southeast,retail,large,99530.0,85546.0,5.46,0.081,1,2189663.0,1,105490.99,1676728.9
FAC-0470,Southwest,manufacturing,small,11628.0,10094.0,6.12,0.133,0,406973.0,1,31129.89,304118.55
FAC-0471,Southwest,retail,small,14507.0,11000.0,6.23,0.086,0,319148.0,0,1109.05,0.0
FAC-0472,Southwest,office,medium,24364.0,16210.0,7.01,0.122,0,438555.0,0,2170.1,0.0
FAC-0473,Southeast,manufacturing,medium,38166.0,32265.0,4.94,0.102,0,1335812.0,0,2035.58,0.0
FAC-0474,Southwest,retail,medium,44906.0,32842.0,6.12,0.09,0,987941.0,1,81779.17,908465.62
FAC-0475,Southeast,retail,small,17109.0,15056.0,4.48,0.08,0,376396.0,0,293.07,0.0
FAC-0476,Southwest,warehouse,large,269606.0,200353.0,5.7,0.096,0,2156845.0,1,130283.63,2999108.21
FAC-0477,Southeast,warehouse,small,7461.0,6504.0,5.8,0.093,1,59688.0,0,212.04,0.0
FAC-0478,Southwest,warehouse,medium,47205.0,29098.0,6.36,0.066,0,377640.0,0,1015.72,0.0
FAC-0479,Northeast,office,large,182825.0,125358.0,4.18,0.159,1,3290854.0,1,159545.52,1499520.8
FAC-0480,Southwest,office,medium,64368.0,45065.0,7.04,0.096,1,1158633.0,1,75187.88,1012618.26
FAC-0481,Pacific,manufacturing,large,294554.0,262074.0,5.77,0.152,1,10309383.0,1,238801.73,1747969.68
FAC-0482,Pacific,office,small,18778.0,13332.0,5.26,0.148,0,338001.0,0,721.04,0.0
FAC-0483,Northeast,warehouse,small,18972.0,11494.0,2.91,0.182,1,151779.0,0,831.73,0.0
FAC-0484,Southwest,retail,large,146740.0,105338.0,6.65,0.085,0,3228283.0,0,3091.71,0.0
FAC-0485,Pacific,warehouse,medium,66126.0,54896.0,6.38,0.127,1,529007.0,0,2850.59,0.0
FAC-0486,Southwest,warehouse,medium,47635.0,41871.0,6.41,0.062,0,381080.0,0,220.79,0.0
FAC-0487,Southwest,warehouse,small,14651.0,9806.0,5.61,0.118,0,117204.0,0,705.89,0.0
FAC-0488,Southwest,warehouse,small,7591.0,5956.0,6.84,0.107,1,60731.0,1,4443.72,145619.87
FAC-0489,Midwest,manufacturing,medium,25611.0,16356.0,4.56,0.089,0,896392.0,0,2551.93,0.0
FAC-0490,Southeast,retail,large,204591.0,169604.0,5.01,0.09,0,4501003.0,1,98072.61,1882983.6
FAC-0491,Pacific,office,medium,62158.0,47203.0,5.15,0.151,0,1118840.0,0,2507.27,0.0
FAC-0492,Pacific,manufacturing,medium,31936.0,19743.0,6.4,0.095,1,1117753.0,0,4658.41,0.0
FAC-0493,Pacific,retail,large,183555.0,118799.0,5.11,0.124,1,4038217.0,0,15348.08,0.0
FAC-0494,Midwest,office,large,121090.0,102851.0,4.16,0.114,0,2179619.0,0,2311.3,0.0
FAC-0495,Southeast,warehouse,large,270442.0,181846.0,4.87,0.096,0,2163535.0,0,8257.59,0.0
FAC-0496,Pacific,manufacturing,large,296551.0,212047.0,6.02,0.122,1,10379279.0,1,230824.79,1629815.96
FAC-0497,Southeast,manufacturing,medium,43688.0,28187.0,5.1,0.097,0,1529095.0,1,51595.87,956148.41
FAC-0498,Pacific,retail,medium,49427.0,41558.0,6.0,0.135,0,1087393.0,0,5013.08,0.0
FAC-0499,Southwest,warehouse,medium,29291.0,20782.0,6.85,0.15,1,234324.0,1,19784.69,550051.16
FAC-0500,Midwest,manufacturing,medium,65906.0,49117.0,5.09,0.121,0,2306724.0,1,103887.2,1387649.56
FAC-0501,Southeast,retail,medium,34198.0,20613.0,5.45,0.071,1,752356.0,1,30226.31,620447.11
FAC-0502,Southeast,retail,medium,31477.0,27461.0,5.53,0.135,0,692486.0,1,64745.47,929319.67
FAC-0503,Southwest,office,small,19177.0,15368.0,6.99,0.109,0,345183.0,0,1153.88,0.0
FAC-0504,Midwest,retail,small,6989.0,6151.0,4.98,0.107,1,153749.0,1,11466.59,191007.19
FAC-0505,Pacific,retail,small,12775.0,9891.0,5.92,0.128,0,281047.0,0,1598.01,0.0
FAC-0506,Southwest,office,large,186263.0,161313.0,7.19,0.097,1,3352736.0,1,202709.29,1829341.24
FAC-0507,Southwest,manufacturing,medium,33686.0,26200.0,6.83,0.111,0,1179011.0,0,2928.19,0.0
FAC-0508,Northeast,retail,small,13126.0,11548.0,3.93,0.17,1,288781.0,0,672.57,0.0
FAC-0509,Southeast,office,large,192005.0,123697.0,4.45,0.124,0,3456089.0,0,23833.67,0.0
FAC-0510,Pacific,warehouse,small,9534.0,8178.0,5.72,0.139,1,76273.0,1,7286.77,220248.21
FAC-0511,Pacific,office,medium,74335.0,56463.0,4.76,0.157,1,1338029.0,0,9648.97,0.0
FAC-0512,Pacific,retail,small,9810.0,6015.0,5.58,0.174,1,215819.0,1,22841.24,143646.02
FAC-0513,Southeast,manufacturing,large,272502.0,188145.0,4.0,0.104,0,9537567.0,0,11671.26,0.0
FAC-0514,Southwest,warehouse,medium,52693.0,46608.0,6.75,0.125,1,421543.0,1,36667.31,1118072.14
FAC-0515,Midwest,office,small,9121.0,7972.0,3.88,0.08,0,164170.0,1,11322.35,275399.68
FAC-0516,Southeast,warehouse,medium,22358.0,16384.0,4.42,0.157,0,178860.0,1,19056.11,478888.41
FAC-0517,Northeast,retail,small,19133.0,12823.0,3.58,0.169,0,420921.0,0,3252.03,0.0
FAC-0518,Northeast,warehouse,medium,48247.0,42563.0,3.86,0.158,1,385977.0,1,39867.91,1066147.11
FAC-0519,Northeast,office,large,207409.0,136210.0,4.35,0.166,0,3733354.0,1,217242.12,2011080.75
FAC-0520,Southwest,office,medium,25353.0,16541.0,6.52,0.115,0,456360.0,0,861.17,0.0
FAC-0521,Southwest,office,large,115750.0,100530.0,6.03,0.088,1,2083494.0,0,6521.64,0.0
FAC-0522,Southeast,warehouse,medium,78240.0,60960.0,4.45,0.058,1,625921.0,0,860.99,0.0
FAC-0523,Southwest,manufacturing,small,7944.0,5757.0,6.71,0.066,1,278023.0,1,9647.19,158615.18
FAC-0524,Southeast,warehouse,medium,21383.0,14181.0,4.83,0.081,1,171063.0,0,187.76,0.0
FAC-0525,Southeast,manufacturing,medium,59050.0,44932.0,4.74,0.067,0,2066739.0,0,6604.98,0.0
FAC-0526,Midwest,warehouse,medium,48767.0,42630.0,3.8,0.061,0,390138.0,0,723.44,0.0
FAC-0527,Pacific,retail,small,12691.0,10156.0,6.34,0.1,1,279207.0,1,18242.48,248367.17
FAC-0528,Midwest,retail,medium,68449.0,49227.0,4.9,0.053,0,1505871.0,1,40639.57,1810725.65
FAC-0529,Northeast,warehouse,large,288203.0,208803.0,4.24,0.18,0,2305626.0,0,17328.12,0.0
FAC-0530,Southwest,manufacturing,small,17309.0,14472.0,6.42,0.099,0,605803.0,0,2643.16,0.0
FAC-0531,Northeast,manufacturing,medium,25079.0,16737.0,3.21,0.185,0,877762.0,0,3899.64,0.0
FAC-0532,Southeast,warehouse,medium,55455.0,36048.0,5.55,0.089,0,443640.0,0,999.29,0.0
FAC-0533,Midwest,warehouse,medium,51715.0,42440.0,5.53,0.075,0,413720.0,0,1458.65,0.0
FAC-0534,Pacific,retail,small,5565.0,3587.0,5.95,0.116,0,122440.0,0,488.51,0.0
FAC-0535,Southwest,office,small,15127.0,11444.0,7.31,0.12,0,272285.0,1,28206.56,338161.63
FAC-0536,Southwest,warehouse,large,207650.0,180907.0,7.08,0.086,1,1661202.0,1,88419.7,1557147.15
FAC-0537,Pacific,warehouse,medium,39232.0,34970.0,5.29,0.162,0,313857.0,1,36914.39,1200758.27
FAC-0538,Midwest,office,large,187493.0,146426.0,4.34,0.092,0,3374876.0,0,3801.61,0.0
FAC-0539,Southeast,warehouse,medium,61349.0,40493.0,4.99,0.117,1,490789.0,1,29171.12,1185753.97
FAC-0540,Midwest,manufacturing,large,221301.0,135328.0,5.15,0.101,0,7745542.0,1,151614.04,2854838.55
FAC-0541,Southeast,manufacturing,large,193879.0,149939.0,5.71,0.101,0,6785750.0,0,10100.46,0.0
FAC-0542,Midwest,office,medium,70270.0,60737.0,4.79,0.06,0,1264869.0,0,1795.63,0.0
FAC-0543,Southeast,manufacturing,large,90815.0,55335.0,5.85,0.131,0,3178538.0,0,4870.77,0.0
FAC-0544,Southeast,office,small,6086.0,5335.0,5.33,0.099,0,109542.0,0,115.4,0.0
FAC-0545,Southwest,office,small,19005.0,12208.0,6.62,0.115,0,342093.0,1,26749.31,335584.93
FAC-0546,Midwest,manufacturing,small,9518.0,6200.0,4.07,0.111,0,333146.0,1,11121.57,186894.49
FAC-0547,Midwest,retail,small,18377.0,11510.0,3.98,0.121,0,404301.0,0,957.88,0.0
FAC-0548,Southeast,manufacturing,small,12558.0,8757.0,5.74,0.089,0,439542.0,0,863.67,0.0
FAC-0549,Pacific,manufacturing,small,13234.0,10530.0,5.73,0.125,1,463190.0,1,30111.47,246518.01
FAC-0550,Southwest,manufacturing,small,17819.0,11884.0,5.76,0.102,0,623649.0,0,3087.25,0.0
FAC-0551,Southeast,office,medium,47098.0,41599.0,5.64,0.114,1,847770.0,1,53333.07,920296.89
FAC-0552,Pacific,office,small,14085.0,12124.0,4.94,0.179,1,253539.0,1,38748.87,309435.87
FAC-0553,Southwest,office,small,15470.0,11582.0,6.69,0.074,1,278457.0,1,11047.59,235595.31
FAC-0554,Southwest,manufacturing,small,9746.0,6858.0,7.65,0.147,0,341097.0,0,2193.36,0.0
FAC-0555,Pacific,retail,small,8151.0,5869.0,4.87,0.14,0,179316.0,0,655.85,0.0
FAC-0556,Pacific,office,medium,73096.0,48707.0,6.21,0.127,1,1315721.0,0,2433.18,0.0
FAC-0557,Northeast,office,large,80516.0,54223.0,4.64,0.145,1,1449296.0,1,151226.33,1523603.72
FAC-0558,Southwest,retail,small,8910.0,7411.0,6.7,0.102,0,196020.0,0,442.47,0.0
FAC-0559,Northeast,office,medium,41811.0,36391.0,3.82,0.152,1,752596.0,0,3994.23,0.0
FAC-0560,Pacific,retail,small,5949.0,5164.0,6.82,0.147,0,130877.0,1,11195.1,146058.44
FAC-0561,Northeast,warehouse,medium,21968.0,19080.0,4.37,0.136,0,175744.0,0,942.61,0.0
FAC-0562,Midwest,warehouse,small,15324.0,12790.0,4.38,0.119,0,122595.0,0,489.56,0.0
FAC-0563,Southeast,warehouse,small,8143.0,5141.0,4.75,0.119,1,65142.0,0,282.83,0.0
FAC-0564,Southeast,warehouse,large,264670.0,194387.0,4.58,0.112,0,2117358.0,0,6308.09,0.0
FAC-0565,Pacific,retail,medium,44630.0,32215.0,6.9,0.13,1,981866.0,0,3263.43,0.0
FAC-0566,Midwest,warehouse,small,16916.0,14489.0,4.57,0.089,0,135326.0,0,134.27,0.0
FAC-0567,Southwest,warehouse,medium,28319.0,18484.0,7.4,0.111,0,226553.0,0,592.28,0.0
FAC-0568,Southwest,manufacturing,medium,35427.0,23060.0,5.46,0.105,1,1239949.0,0,4143.83,0.0
FAC-0569,Midwest,warehouse,large,161342.0,120332.0,4.21,0.074,1,1290739.0,1,67140.91,1963738.74
FAC-0570,Pacific,warehouse,medium,71761.0,55669.0,5.81,0.149,0,574084.0,1,65342.81,2176963.35
FAC-0571,Pacific,warehouse,medium,56263.0,42110.0,5.08,0.157,1,450103.0,1,60703.89,1159009.03
FAC-0572,Southeast,manufacturing,small,8633.0,5931.0,4.76,0.106,0,302146.0,0,308.66,0.0
FAC-0573,Midwest,retail,medium,60888.0,43771.0,4.75,0.091,1,1339528.0,1,80984.55,1195148.87
FAC-0574,Southeast,warehouse,large,150606.0,101761.0,5.85,0.103,1,1204846.0,0,5471.5,0.0
FAC-0575,Southeast,manufacturing,medium,27599.0,20542.0,4.77,0.07,1,965977.0,0,1615.88,0.0
FAC-0576,Southwest,retail,large,220380.0,151279.0,6.89,0.092,1,4848369.0,1,141451.56,2196105.95
FAC-0577,Northeast,retail,medium,40101.0,28605.0,3.7,0.183,1,882211.0,0,1797.54,0.0
FAC-0578,Southwest,retail,medium,59844.0,38187.0,6.42,0.103,1,1316578.0,1,102815.82,922983.83
FAC-0579,Northeast,office,medium,64004.0,42100.0,3.84,0.174,1,1152074.0,1,88242.84,1090006.61
FAC-0580,Southwest,manufacturing,medium,25815.0,20931.0,6.77,0.134,1,903526.0,0,4476.36,0.0
FAC-0581,Southeast,warehouse,medium,74792.0,65551.0,5.02,0.075,0,598339.0,1,42156.84,2354316.5
FAC-0582,Midwest,warehouse,small,16376.0,9894.0,3.89,0.118,0,131008.0,0,389.6,0.0
FAC-0583,Midwest,office,medium,21587.0,19273.0,5.77,0.083,0,388563.0,0,959.41,0.0
FAC-0584,Southwest,office,small,19542.0,12835.0,6.79,0.119,0,351749.0,0,489.4,0.0
FAC-0585,Southeast,warehouse,medium,32068.0,22490.0,5.48,0.106,0,256546.0,0,221.61,0.0
FAC-0586,Midwest,warehouse,medium,64805.0,48506.0,4.7,0.075,1,518437.0,1,23350.98,1472413.28
FAC-0587,Pacific,manufacturing,medium,68185.0,56985.0,5.86,0.154,1,2386459.0,1,212596.58,1674916.91
FAC-0588,Northeast,office,small,19521.0,11905.0,5.07,0.151,0,351380.0,1,33209.91,371989.34
FAC-0589,Southeast,warehouse,medium,68762.0,46072.0,5.31,0.121,0,550093.0,0,1977.91,0.0
FAC-0590,Midwest,warehouse,small,11556.0,8947.0,3.93,0.082,1,92444.0,0,178.4,0.0
FAC-0591,Midwest,warehouse,large,153313.0,119356.0,4.53,0.094,1,1226505.0,0,4105.27,0.0
FAC-0592,Midwest,manufacturing,medium,71502.0,53606.0,4.57,0.104,0,2502584.0,0,3647.9,0.0
FAC-0593,Southeast,office,large,90551.0,75395.0,5.3,0.13,1,1629913.0,1,143324.72,1598677.16
FAC-0594,Southwest,office,small,6753.0,4316.0,6.69,0.084,1,121557.0,0,477.87,0.0
FAC-0595,Southwest,office,medium,32410.0,23493.0,5.7,0.121,0,583384.0,0,940.87,0.0
FAC-0596,Midwest,warehouse,medium,46493.0,29871.0,3.87,0.121,0,371943.0,0,2116.83,0.0
FAC-0597,Pacific,warehouse,large,144885.0,87594.0,6.04,0.126,1,1159079.0,1,102846.23,2001018.77
FAC-0598,Southwest,manufacturing,medium,20181.0,17726.0,6.58,0.116,0,706344.0,1,48736.39,691529.65
FAC-0599,Southwest,retail,medium,78680.0,60322.0,6.23,0.1,1,1730951.0,1,102391.18,1880370.29
FAC-0600,Southwest,warehouse,medium,74957.0,49146.0,7.16,0.129,0,599653.0,0,1735.26,0.0
FAC-0601,Northeast,warehouse,medium,52245.0,38308.0,3.93,0.174,0,417960.0,0,861.61,0.0
FAC-0602,Northeast,office,large,275264.0,204033.0,4.11,0.18,0,4954750.0,0,33453.12,0.0
FAC-0603,Pacific,office,medium,74875.0,59485.0,4.55,0.106,0,1347751.0,1,86295.46,2284806.47
FAC-0604,Pacific,retail,small,14842.0,11319.0,4.94,0.132,1,326528.0,1,28281.19,232179.72
FAC-0605,Midwest,office,small,5923.0,5127.0,4.29,0.086,0,106617.0,0,315.72,0.0
FAC-0606,Northeast,retail,medium,44173.0,36315.0,4.86,0.209,1,971815.0,1,172608.72,1084385.74
FAC-0607,Southwest,office,medium,34992.0,30207.0,6.19,0.126,0,629857.0,1,50457.87,1245077.28
FAC-0608,Pacific,warehouse,small,7417.0,5568.0,5.04,0.154,0,59332.0,0,305.31,0.0
FAC-0609,Southwest,warehouse,medium,68022.0,53190.0,6.84,0.133,1,544175.0,1,48978.03,1384069.76
FAC-0610,Southeast,warehouse,medium,32824.0,23759.0,5.42,0.071,0,262594.0,0,562.07,0.0
FAC-0611,Pacific,office,medium,49879.0,38289.0,5.6,0.123,1,897814.0,0,5566.55,0.0
FAC-0612,Southwest,warehouse,medium,39530.0,32137.0,5.92,0.112,1,316242.0,0,506.34,0.0
FAC-0613,Northeast,warehouse,medium,31284.0,24948.0,4.53,0.209,0,250268.0,0,1573.5,0.0
FAC-0614,Northeast,retail,large,137779.0,103517.0,4.01,0.194,1,3031147.0,0,27239.97,0.0
FAC-0615,Southeast,retail,large,274337.0,205400.0,4.58,0.122,1,6035413.0,1,155766.21,2017481.35
FAC-0616,Southeast,office,small,9262.0,6257.0,4.1,0.082,0,166708.0,0,184.47,0.0
FAC-0617,Northeast,office,medium,50993.0,32883.0,3.59,0.165,1,917870.0,1,61590.88,1019450.57
FAC-0618,Pacific,office,small,8148.0,6530.0,6.27,0.141,1,146671.0,0,839.55,0.0
FAC-0619,Southwest,warehouse,small,13344.0,8512.0,6.01,0.096,1,106748.0,0,256.45,0.0
FAC-0620,Midwest,office,medium,63934.0,51176.0,4.72,0.076,0,1150817.0,0,1202.14,0.0
FAC-0621,Northeast,warehouse,large,231063.0,196960.0,4.01,0.189,1,1848505.0,1,180224.98,1745396.94
FAC-0622,Pacific,manufacturing,medium,55171.0,42654.0,5.48,0.135,0,1930983.0,1,101679.12,1556520.46
FAC-0623,Southeast,warehouse,medium,44642.0,33636.0,5.55,0.153,0,357136.0,1,39559.71,1335170.67
FAC-0624,Southwest,warehouse,large,224583.0,164330.0,6.26,0.109,0,1796668.0,0,3505.76,0.0
FAC-0625,Northeast,retail,large,232951.0,168982.0,4.58,0.199,1,5124912.0,0,16980.88,0.0
FAC-0626,Midwest,retail,small,6688.0,4762.0,4.71,0.062,0,147126.0,1,5369.51,179369.33
FAC-0627,Midwest,warehouse,medium,69907.0,52301.0,4.98,0.106,1,559257.0,0,1195.89,0.0
FAC-0628,Pacific,manufacturing,large,220361.0,173780.0,5.95,0.141,0,7712625.0,0,59631.4,0.0
FAC-0629,Pacific,manufacturing,medium,22292.0,18913.0,4.44,0.146,0,780226.0,1,37009.1,788402.38
FAC-0630,Southeast,warehouse,small,15014.0,9405.0,5.08,0.117,1,120112.0,1,10266.09,271980.06
FAC-0631,Pacific,manufacturing,small,9118.0,7016.0,5.59,0.115,0,319136.0,0,1111.7,0.0
FAC-0632,Pacific,office,small,11758.0,9388.0,6.57,0.152,0,211645.0,1,16827.02,258219.64
FAC-0633,Southeast,office,medium,58626.0,48452.0,5.53,0.126,0,1055272.0,1,112158.95,1558840.66
FAC-0634,Pacific,manufacturing,large,154885.0,115075.0,5.87,0.102,1,5420963.0,0,9342.43,0.0
FAC-0635,Southeast,office,medium,54694.0,42325.0,5.3,0.082,1,984488.0,1,45213.66,870402.09
FAC-0636,Southwest,warehouse,large,271740.0,202582.0,6.59,0.071,1,2173920.0,1,108665.17,1713290.12
FAC-0637,Pacific,manufacturing,medium,70767.0,46955.0,5.33,0.131,0,2476850.0,1,113715.7,1254771.78
FAC-0638,Southeast,retail,medium,69146.0,42334.0,5.56,0.065,0,1521222.0,0,1755.9,0.0
FAC-0639,Pacific,manufacturing,large,182153.0,123139.0,5.49,0.13,1,6375354.0,0,33217.85,0.0
FAC-0640,Southeast,office,medium,67051.0,54766.0,4.9,0.078,0,1206922.0,0,3459.53,0.0
FAC-0641,Southeast,warehouse,large,95625.0,71371.0,5.0,0.102,0,765003.0,1,57184.64,2926286.59
FAC-0642,Southeast,manufacturing,medium,62970.0,43285.0,5.36,0.093,1,2203946.0,0,12213.09,0.0
FAC-0643,Northeast,office,medium,79159.0,67970.0,4.87,0.158,0,1424871.0,0,6378.36,0.0
FAC-0644,Pacific,manufacturing,medium,77036.0,63465.0,4.93,0.143,0,2696243.0,0,13762.42,0.0
FAC-0645,Midwest,warehouse,medium,50688.0,36663.0,3.49,0.068,0,405504.0,0,719.87,0.0
FAC-0646,Northeast,office,small,7537.0,5890.0,3.48,0.194,0,135658.0,0,1114.79,0.0
FAC-0647,Pacific,warehouse,large,139600.0,119585.0,5.74,0.123,1,1116800.0,0,4177.89,0.0
FAC-0648,Southwest,office,medium,60569.0,49440.0,6.86,0.146,0,1090233.0,0,5831.15,0.0
FAC-0649,Southwest,manufacturing,medium,54981.0,48526.0,6.48,0.107,1,1924339.0,1,121867.69,1477441.38
FAC-0650,Pacific,warehouse,small,13839.0,12038.0,5.72,0.154,0,110712.0,0,602.6,0.0
FAC-0651,Pacific,manufacturing,medium,21133.0,15826.0,5.77,0.118,0,739650.0,0,3754.63,0.0
FAC-0652,Northeast,office,large,147684.0,90486.0,3.34,0.174,1,2658314.0,0,9978.17,0.0
FAC-0653,Midwest,office,small,12604.0,10628.0,4.24,0.089,1,226871.0,1,13140.06,248124.34
FAC-0654,Northeast,office,medium,40170.0,30624.0,4.32,0.158,0,723059.0,1,94267.15,1199522.29
FAC-0655,Southeast,office,small,13233.0,11706.0,5.94,0.095,0,238187.0,0,648.86,0.0
FAC-0656,Midwest,warehouse,small,15977.0,10855.0,5.16,0.071,0,127813.0,0,120.48,0.0
FAC-0657,Midwest,warehouse,medium,56973.0,37301.0,5.09,0.078,0,455788.0,0,1278.51,0.0
FAC-0658,Southeast,office,medium,57961.0,40177.0,6.19,0.091,0,1043291.0,0,4067.05,0.0
FAC-0659,Midwest,warehouse,large,124364.0,77538.0,4.7,0.101,1,994913.0,0,3922.92,0.0
FAC-0660,Northeast,office,large,191136.0,145149.0,4.28,0.172,0,3440450.0,0,10336.28,0.0
FAC-0661,Midwest,retail,medium,20712.0,16019.0,4.41,0.103,0,455670.0,0,748.61,0.0
FAC-0662,Northeast,retail,medium,34124.0,24345.0,3.55,0.099,1,750738.0,0,1332.16,0.0
FAC-0663,Southwest,warehouse,medium,31930.0,20665.0,6.77,0.133,1,255438.0,1,22381.08,552870.86
FAC-0664,Southeast,office,medium,52945.0,38147.0,5.59,0.09,0,953010.0,0,3913.67,0.0
FAC-0665,Southeast,warehouse,small,15884.0,12938.0,4.74,0.088,0,127068.0,1,7698.86,485546.88
FAC-0666,Southeast,office,medium,28782.0,24690.0,4.86,0.072,0,518083.0,0,873.93,0.0
FAC-0667,Pacific,retail,large,159231.0,117753.0,6.67,0.154,1,3503088.0,0,23801.77,0.0
FAC-0668,Pacific,warehouse,large,144069.0,112987.0,5.81,0.094,1,1152553.0,1,65311.79,1824174.26
FAC-0669,Southeast,warehouse,large,202506.0,177943.0,6.26,0.087,1,1620046.0,1,71393.07,1541510.75
FAC-0670,Northeast,warehouse,medium,57426.0,42543.0,4.12,0.196,1,459411.0,1,66165.63,875131.67
FAC-0671,Northeast,warehouse,large,97220.0,85556.0,4.23,0.18,1,777763.0,1,98005.82,2059715.32
FAC-0672,Southwest,warehouse,medium,40878.0,28625.0,6.48,0.1,0,327025.0,1,27922.52,1042308.67
FAC-0673,Pacific,office,small,15456.0,9609.0,6.47,0.147,1,278215.0,1,35315.83,290308.9
FAC-0674,Northeast,office,large,91294.0,65188.0,4.63,0.141,0,1643284.0,1,154372.65,1859552.24
FAC-0675,Southwest,retail,large,158237.0,132492.0,5.64,0.088,0,3481210.0,0,6324.45,0.0
FAC-0676,Southeast,office,medium,43910.0,36522.0,5.79,0.113,0,790382.0,0,1777.05,0.0
FAC-0677,Southwest,warehouse,large,231338.0,203953.0,7.03,0.093,1,1850702.0,1,123667.63,2031977.55
FAC-0678,Southeast,manufacturing,medium,22855.0,14798.0,4.88,0.106,0,799925.0,0,1470.24,0.0
FAC-0679,Northeast,office,medium,42583.0,35545.0,3.98,0.209,1,766499.0,1,109060.03,804466.03
FAC-0680,Southwest,manufacturing,medium,31734.0,26821.0,5.7,0.118,1,1110698.0,1,69639.57,776002.63
FAC-0681,Northeast,office,medium,43889.0,38816.0,3.52,0.16,1,790001.0,1,66321.36,907718.99
FAC-0682,Pacific,office,medium,37883.0,32226.0,5.77,0.15,1,681886.0,0,2342.34,0.0
FAC-0683,Midwest,retail,medium,32900.0,27637.0,4.65,0.069,1,723806.0,1,31070.4,725254.6
FAC-0684,Southwest,warehouse,large,189747.0,126092.0,6.11,0.099,0,1517978.0,0,4724.24,0.0
FAC-0685,Southwest,retail,large,107645.0,69056.0,6.95,0.106,0,2368200.0,0,9995.62,0.0
FAC-0686,Midwest,office,small,14567.0,12463.0,3.93,0.108,0,262212.0,0,581.31,0.0
FAC-0687,Northeast,warehouse,large,298168.0,196559.0,3.85,0.175,1,2385345.0,0,20270.12,0.0
FAC-0688,Pacific,manufacturing,small,16413.0,13620.0,5.29,0.13,1,574468.0,0,2168.92,0.0
FAC-0689,Southeast,office,medium,61738.0,47088.0,5.21,0.095,1,1111292.0,1,64486.28,1067698.53
FAC-0690,Northeast,warehouse,small,12710.0,10087.0,4.35,0.157,0,101684.0,1,10587.85,390242.09
FAC-0691,Midwest,retail,medium,26786.0,18096.0,5.44,0.106,0,589300.0,0,1751.76,0.0
FAC-0692,Midwest,manufacturing,large,254161.0,188768.0,5.27,0.094,0,8895629.0,1,147524.18,2695912.08
FAC-0693,Pacific,retail,large,105388.0,76095.0,6.02,0.132,0,2318535.0,0,12107.05,0.0
FAC-0694,Pacific,manufacturing,small,17945.0,13785.0,5.34,0.131,0,628090.0,0,4130.59,0.0
FAC-0695,Southwest,warehouse,medium,30475.0,23010.0,6.98,0.093,0,243800.0,1,12876.86,738923.72
FAC-0696,Midwest,office,medium,41927.0,25847.0,4.86,0.096,0,754688.0,1,41613.91,1008979.04
FAC-0697,Midwest,warehouse,medium,60789.0,37232.0,4.62,0.089,1,486313.0,1,33271.3,905179.61
FAC-0698,Pacific,warehouse,small,5456.0,3433.0,5.3,0.184,0,43651.0,1,5100.66,105123.7
FAC-0699,Pacific,manufacturing,medium,25511.0,22956.0,5.58,0.127,1,892886.0,0,4933.48,0.0
FAC-0700,Midwest,warehouse,large,143658.0,97120.0,3.9,0.072,0,1149260.0,0,2272.6,0.0
FAC-0701,Southeast,office,small,16127.0,10809.0,5.99,0.131,0,290288.0,0,1338.26,0.0
FAC-0702,Northeast,warehouse,medium,28153.0,25136.0,3.34,0.155,1,225225.0,0,1441.26,0.0
FAC-0703,Midwest,retail,medium,53494.0,36805.0,5.15,0.051,0,1176866.0,0,854.84,0.0
FAC-0704,Pacific,retail,large,162201.0,113520.0,5.99,0.117,1,3568422.0,0,5280.97,0.0
FAC-0705,Midwest,manufacturing,large,190706.0,115229.0,4.84,0.085,1,6674713.0,1,120051.53,1413188.27
FAC-0706,Midwest,retail,small,18392.0,11065.0,4.65,0.105,0,404623.0,0,835.66,0.0
FAC-0707,Pacific,warehouse,small,13372.0,8954.0,5.87,0.158,1,106976.0,0,487.8,0.0
FAC-0708,Southeast,office,large,88304.0,68432.0,4.93,0.092,0,1589479.0,0,6403.87,0.0
FAC-0709,Pacific,manufacturing,large,140310.0,92716.0,5.8,0.127,0,4910848.0,0,19911.34,0.0
FAC-0710,Midwest,warehouse,medium,62970.0,52088.0,4.14,0.076,1,503763.0,1,28414.5,1387972.49
FAC-0711,Midwest,warehouse,small,19581.0,13733.0,5.07,0.07,1,156652.0,1,7812.5,297559.94
FAC-0712,Southeast,manufacturing,small,12382.0,7810.0,4.8,0.104,0,433361.0,1,14328.49,213985.88
FAC-0713,Pacific,retail,medium,60910.0,40791.0,6.09,0.126,1,1340020.0,1,127672.51,1115846.03
FAC-0714,Northeast,warehouse,medium,75477.0,59437.0,4.34,0.173,0,603819.0,0,2608.23,0.0
FAC-0715,Southeast,manufacturing,small,11256.0,9797.0,5.42,0.104,0,393954.0,0,1180.99,0.0
FAC-0716,Pacific,office,small,10168.0,7684.0,5.82,0.117,1,183032.0,1,12505.38,208155.97
FAC-0717,Midwest,office,medium,42558.0,31852.0,5.25,0.086,0,766037.0,0,694.38,0.0
FAC-0718,Pacific,retail,small,15762.0,10564.0,5.15,0.142,1,346753.0,1,28170.88,228848.9
FAC-0719,Southwest,retail,medium,27119.0,23646.0,6.19,0.121,1,596626.0,0,1110.58,0.0
FAC-0720,Midwest,retail,medium,21107.0,17140.0,4.2,0.101,1,464362.0,1,26324.22,499330.88
FAC-0721,Northeast,office,large,200142.0,132935.0,4.57,0.12,1,3602551.0,0,6919.29,0.0
FAC-0722,Midwest,warehouse,large,88907.0,64090.0,4.52,0.143,0,711259.0,1,83547.25,2633585.52
FAC-0723,Pacific,office,small,10969.0,7846.0,6.41,0.147,1,197447.0,0,844.32,0.0
FAC-0724,Midwest,office,large,162441.0,142568.0,4.41,0.071,1,2923935.0,1,75108.08,1673378.17
FAC-0725,Midwest,retail,medium,41544.0,35466.0,4.51,0.108,0,913973.0,1,66948.46,1103850.07
FAC-0726,Pacific,retail,small,5803.0,4314.0,6.16,0.12,1,127670.0,0,289.96,0.0
FAC-0727,Southeast,office,small,18087.0,11335.0,4.83,0.082,0,325566.0,0,752.42,0.0
FAC-0728,Southeast,warehouse,large,235055.0,204856.0,4.95,0.044,0,1880441.0,0,2873.73,0.0
FAC-0729,Southwest,office,large,162929.0,102663.0,6.86,0.128,0,2932722.0,0,17236.17,0.0
FAC-0730,Southwest,retail,medium,56093.0,39798.0,6.5,0.128,0,1234044.0,0,4738.34,0.0
FAC-0731,Pacific,manufacturing,large,269658.0,234072.0,5.14,0.134,0,9438047.0,0,56216.85,0.0
FAC-0732,Pacific,manufacturing,medium,23072.0,17341.0,5.82,0.184,1,807533.0,1,63851.07,540712.17
FAC-0733,Southwest,manufacturing,small,14153.0,11825.0,6.28,0.094,0,495344.0,0,1596.97,0.0
FAC-0734,Southwest,manufacturing,medium,46894.0,32742.0,6.77,0.119,1,1641276.0,0,2691.54,0.0
FAC-0735,Southwest,office,medium,41791.0,31353.0,6.62,0.069,0,752244.0,0,2160.78,0.0
FAC-0736,Pacific,manufacturing,small,10914.0,9802.0,5.71,0.167,1,381986.0,1,32835.89,253796.14
FAC-0737,Pacific,warehouse,large,159317.0,133755.0,7.5,0.192,0,1274538.0,0,4067.84,0.0
FAC-0738,Midwest,warehouse,medium,49235.0,33256.0,5.02,0.105,1,393880.0,1,27247.52,751552.01
FAC-0739,Southwest,warehouse,small,14182.0,11020.0,7.03,0.093,0,113460.0,0,329.4,0.0
FAC-0740,Northeast,warehouse,medium,53363.0,39102.0,3.96,0.204,0,426908.0,0,3557.3,0.0
FAC-0741,Midwest,office,large,208162.0,129331.0,5.42,0.107,0,3746913.0,1,175863.79,2356320.64
FAC-0742,Southeast,manufacturing,small,12186.0,10009.0,5.34,0.104,0,426496.0,0,1811.68,0.0
FAC-0743,Southeast,manufacturing,medium,64999.0,41044.0,4.95,0.091,0,2274973.0,1,87573.62,1136226.44
FAC-0744,Southwest,manufacturing,small,17754.0,13797.0,7.02,0.118,1,621407.0,1,47348.76,433100.83
FAC-0745,Northeast,office,medium,24501.0,20601.0,4.61,0.168,0,441024.0,0,1416.54,0.0
FAC-0746,Pacific,office,medium,25464.0,16758.0,6.11,0.118,0,458351.0,0,1074.52,0.0
FAC-0747,Midwest,office,large,156620.0,112276.0,4.68,0.106,0,2819167.0,1,122175.95,2277345.62
FAC-0748,Southeast,retail,medium,59216.0,44860.0,5.26,0.071,0,1302756.0,0,1488.88,0.0
FAC-0749,Pacific,manufacturing,medium,35933.0,31200.0,5.11,0.154,1,1257643.0,1,104518.84,926662.69
FAC-0750,Pacific,retail,medium,70666.0,50505.0,5.74,0.154,1,1554643.0,1,160293.3,1520549.21
FAC-0751,Southeast,warehouse,medium,34717.0,21864.0,5.18,0.099,1,277739.0,1,16544.24,629768.34
FAC-0752,Pacific,warehouse,medium,48556.0,32736.0,5.58,0.173,1,388445.0,1,38425.32,925015.22
FAC-0753,Southwest,warehouse,large,292929.0,217754.0,6.87,0.094,1,2343433.0,1,158296.8,2234850.15
FAC-0754,Southwest,manufacturing,medium,59731.0,45784.0,6.63,0.107,0,2090590.0,0,2353.69,0.0
FAC-0755,Southwest,manufacturing,small,8466.0,6842.0,6.19,0.078,0,296322.0,1,11337.53,218840.19
FAC-0756,Pacific,manufacturing,large,250753.0,187043.0,5.47,0.128,1,8776369.0,0,15939.68,0.0
FAC-0757,Northeast,retail,large,173818.0,135901.0,4.71,0.2,1,3823988.0,1,250843.55,2039504.61
FAC-0758,Southeast,warehouse,medium,62302.0,52246.0,5.8,0.136,0,498417.0,0,2727.58,0.0
FAC-0759,Southeast,warehouse,small,5087.0,4264.0,5.07,0.117,0,40696.0,0,63.87,0.0
FAC-0760,Southwest,manufacturing,small,10167.0,8599.0,6.42,0.106,1,355830.0,1,20807.47,204965.3
FAC-0761,Pacific,retail,small,19795.0,14088.0,5.91,0.15,0,435485.0,0,1091.58,0.0
FAC-0762,Pacific,manufacturing,medium,62018.0,45207.0,5.46,0.14,0,2170643.0,1,133628.48,1845099.66
FAC-0763,Pacific,warehouse,medium,41804.0,31437.0,5.8,0.142,0,334428.0,0,1437.52,0.0
FAC-0764,Pacific,retail,medium,27729.0,21524.0,5.8,0.127,1,610033.0,0,3365.66,0.0
FAC-0765,Midwest,retail,small,14092.0,8912.0,3.64,0.073,0,310016.0,1,9729.68,307651.43
FAC-0766,Southeast,manufacturing,small,13778.0,9524.0,6.13,0.057,1,482241.0,0,675.3,0.0
FAC-0767,Midwest,manufacturing,medium,37072.0,23132.0,4.14,0.081,0,1297535.0,1,28646.18,685888.09
FAC-0768,Southwest,office,medium,67392.0,52743.0,6.13,0.06,1,1213058.0,0,1430.7,0.0
FAC-0769,Pacific,warehouse,small,12428.0,10129.0,5.72,0.106,1,99421.0,0,214.35,0.0
FAC-0770,Pacific,manufacturing,medium,71817.0,47591.0,5.62,0.169,1,2513608.0,0,8783.98,0.0
FAC-0771,Southeast,office,medium,23488.0,15661.0,5.77,0.086,1,422784.0,0,1718.47,0.0
FAC-0772,Southeast,manufacturing,medium,38903.0,29007.0,5.6,0.094,1,1361618.0,1,53364.46,704947.89
FAC-0773,Pacific,manufacturing,small,16102.0,13220.0,6.08,0.186,0,563578.0,0,4073.0,0.0
FAC-0774,Southeast,warehouse,small,5567.0,4473.0,5.76,0.131,0,44534.0,0,278.54,0.0
FAC-0775,Midwest,manufacturing,small,12995.0,9025.0,4.4,0.107,0,454841.0,0,1539.49,0.0
FAC-0776,Midwest,warehouse,large,227491.0,200051.0,4.77,0.088,0,1819931.0,1,88630.82,2512274.93
FAC-0777,Southwest,retail,medium,36375.0,26361.0,5.93,0.127,0,800251.0,0,2183.85,0.0
FAC-0778,Pacific,manufacturing,large,236727.0,168197.0,5.1,0.106,1,8285434.0,1,146034.29,2240046.7
FAC-0779,Southeast,retail,medium,63059.0,39518.0,5.48,0.106,1,1387292.0,1,78226.85,934281.6
FAC-0780,Northeast,warehouse,medium,42096.0,29049.0,2.79,0.176,1,336766.0,1,52315.07,818427.66
FAC-0781,Southeast,manufacturing,large,289617.0,242805.0,4.46,0.098,0,10136590.0,1,123365.16,2804552.79
FAC-0782,Midwest,warehouse,large,159679.0,130975.0,4.58,0.085,0,1277435.0,1,70522.0,1909197.09
FAC-0783,Southeast,retail,medium,51728.0,37854.0,5.49,0.084,0,1138023.0,0,1095.84,0.0
FAC-0784,Midwest,office,large,250644.0,172053.0,5.09,0.067,0,4511592.0,1,90299.23,2984221.11
FAC-0785,Midwest,warehouse,large,227567.0,168578.0,4.82,0.108,0,1820538.0,1,136776.84,2288811.25
FAC-0786,Southeast,office,large,225799.0,181008.0,4.79,0.077,0,4064381.0,0,6724.3,0.0
FAC-0787,Southwest,warehouse,medium,63080.0,50971.0,6.53,0.112,0,504643.0,0,2149.39,0.0
FAC-0788,Southwest,retail,medium,55030.0,49365.0,6.63,0.097,1,1210660.0,0,3867.62,0.0
FAC-0789,Midwest,warehouse,small,17529.0,15466.0,4.26,0.079,0,140229.0,0,441.9,0.0
FAC-0790,Pacific,warehouse,large,111141.0,90370.0,5.63,0.142,0,889126.0,1,80081.61,2371448.78
FAC-0791,Southwest,manufacturing,medium,44810.0,36331.0,7.43,0.138,0,1568344.0,1,143829.68,1060555.53
FAC-0792,Northeast,retail,medium,36767.0,31703.0,3.86,0.136,1,808864.0,0,2765.2,0.0
FAC-0793,Pacific,manufacturing,medium,74105.0,65637.0,5.11,0.139,0,2593658.0,0,7325.19,0.0
FAC-0794,Southeast,office,medium,73695.0,48737.0,5.14,0.104,1,1326503.0,1,88139.04,1307379.61
FAC-0795,Pacific,warehouse,large,81812.0,70679.0,5.31,0.125,0,654496.0,0,1499.0,0.0
FAC-0796,Northeast,warehouse,medium,47484.0,37954.0,3.83,0.132,1,379872.0,0,705.15,0.0
FAC-0797,Southwest,office,medium,76690.0,59867.0,6.59,0.068,0,1380422.0,0,2917.66,0.0
FAC-0798,Southwest,retail,small,9706.0,8261.0,6.12,0.12,0,213533.0,0,427.55,0.0
FAC-0799,Southeast,office,small,18074.0,15976.0,5.73,0.095,0,325337.0,0,303.55,0.0
FAC-0800,Southeast,manufacturing,medium,26632.0,21981.0,5.91,0.11,0,932137.0,0,2746.83,0.0
FAC-0801,Southeast,office,large,133208.0,111823.0,4.74,0.116,0,2397738.0,0,7884.68,0.0
FAC-0802,Southwest,office,small,16332.0,11183.0,6.2,0.11,0,293984.0,0,944.6,0.0
FAC-0803,Midwest,manufacturing,small,15320.0,9869.0,5.29,0.11,0,536192.0,0,1963.99,0.0
FAC-0804,Southwest,office,medium,27178.0,16900.0,6.41,0.093,1,489201.0,0,1154.59,0.0
FAC-0805,Midwest,retail,small,12951.0,8160.0,5.3,0.062,0,284929.0,0,501.31,0.0
FAC-0806,Pacific,office,medium,73398.0,50562.0,5.05,0.145,1,1321163.0,1,144493.64,1006016.4
FAC-0807,Pacific,manufacturing,small,5375.0,3387.0,6.25,0.105,0,188110.0,0,359.09,0.0
FAC-0808,Southwest,office,medium,21927.0,17671.0,6.73,0.103,1,394689.0,1,38314.48,386034.84
FAC-0809,Midwest,office,medium,56205.0,43126.0,4.21,0.066,0,1011691.0,0,1788.38,0.0
FAC-0810,Midwest,retail,medium,44942.0,34327.0,4.17,0.091,0,988729.0,0,4829.48,0.0
FAC-0811,Midwest,office,medium,73002.0,51238.0,4.33,0.084,0,1314038.0,0,2751.57,0.0
FAC-0812,Midwest,office,medium,62559.0,50408.0,4.56,0.075,0,1126070.0,1,77585.35,2094417.01
FAC-0813,Southwest,warehouse,large,279376.0,210066.0,6.77,0.142,0,2235007.0,1,261009.16,2416435.67
FAC-0814,Northeast,office,medium,52892.0,34596.0,4.42,0.172,0,952060.0,0,5466.27,0.0
FAC-0815,Southwest,office,large,175045.0,147477.0,6.64,0.091,0,3150818.0,1,162515.94,1972912.76
FAC-0816,Southeast,warehouse,large,229564.0,193593.0,5.05,0.091,0,1836513.0,0,5380.81,0.0
FAC-0817,Southwest,manufacturing,large,153955.0,105967.0,7.38,0.115,0,5388429.0,1,220714.08,2613256.49
FAC-0818,Southeast,retail,large,253511.0,178835.0,5.6,0.095,1,5577242.0,1,164156.24,2180645.89
FAC-0819,Southwest,warehouse,medium,22995.0,14290.0,6.47,0.108,1,183963.0,1,18261.43,435055.92
FAC-0820,Midwest,office,large,217198.0,161706.0,4.59,0.089,0,3909559.0,0,12978.69,0.0
FAC-0821,Southeast,warehouse,medium,41552.0,25853.0,5.06,0.111,0,332413.0,0,818.64,0.0
FAC-0822,Pacific,manufacturing,large,158175.0,122155.0,6.05,0.158,1,5536116.0,1,240681.05,1437378.71
FAC-0823,Southwest,manufacturing,medium,33096.0,22209.0,6.41,0.075,0,1158366.0,0,1070.02,0.0
FAC-0824,Midwest,manufacturing,medium,54245.0,47649.0,4.08,0.066,0,1898562.0,0,5185.89,0.0
FAC-0825,Southeast,manufacturing,small,19242.0,15003.0,5.19,0.084,1,673485.0,1,25530.55,418624.73
FAC-0826,Southeast,warehouse,medium,49607.0,38238.0,4.56,0.093,0,396853.0,1,20537.99,1188509.93
FAC-0827,Northeast,manufacturing,medium,58664.0,40348.0,4.34,0.147,1,2053232.0,0,10446.23,0.0
FAC-0828,Southwest,warehouse,small,8661.0,7426.0,6.08,0.124,1,69288.0,1,7852.54,156004.1
FAC-0829,Northeast,office,small,14511.0,8751.0,4.05,0.154,1,261194.0,0,858.72,0.0
FAC-0830,Southwest,retail,medium,37765.0,30758.0,6.95,0.134,0,830828.0,0,4415.16,0.0
FAC-0831,Pacific,retail,small,7743.0,5169.0,5.32,0.118,1,170355.0,1,11842.65,124563.58
FAC-0832,Pacific,warehouse,large,86642.0,54723.0,5.58,0.132,1,693138.0,1,69993.74,1277464.97
FAC-0833,Pacific,office,medium,69075.0,48485.0,5.41,0.139,0,1243348.0,0,7613.02,0.0
FAC-0834,Northeast,manufacturing,small,16676.0,10067.0,4.46,0.164,0,583658.0,0,1275.43,0.0
FAC-0835,Pacific,manufacturing,large,158495.0,132766.0,5.63,0.146,1,5547331.0,0,39192.37,0.0
FAC-0836,Midwest,warehouse,small,5313.0,4761.0,3.67,0.07,0,42501.0,0,136.59,0.0
FAC-0837,Midwest,office,large,80035.0,65266.0,5.17,0.084,1,1440625.0,1,78582.97,1805067.74
FAC-0838,Southwest,office,small,10054.0,8734.0,6.14,0.117,1,180980.0,0,924.33,0.0
FAC-0839,Midwest,office,large,283843.0,221679.0,4.15,0.103,0,5109166.0,1,97894.92,2976848.08
FAC-0840,Southeast,warehouse,large,132517.0,106935.0,4.81,0.102,1,1060138.0,1,66160.37,1485083.14
FAC-0841,Northeast,warehouse,small,8594.0,7287.0,4.68,0.136,0,68753.0,0,422.01,0.0
FAC-0842,Southwest,manufacturing,small,17483.0,15494.0,6.93,0.11,0,611919.0,0,1546.46,0.0
FAC-0843,Northeast,warehouse,large,100897.0,70247.0,3.31,0.191,1,807176.0,0,3687.97,0.0
FAC-0844,Pacific,warehouse,medium,20225.0,12785.0,6.52,0.105,1,161798.0,1,13386.85,299570.36
FAC-0845,Midwest,warehouse,small,16605.0,12099.0,4.42,0.087,0,132842.0,0,296.55,0.0
FAC-0846,Pacific,warehouse,large,264076.0,172274.0,5.72,0.126,0,2112611.0,0,12156.83,0.0
FAC-0847,Midwest,office,medium,50144.0,41474.0,4.45,0.111,0,902590.0,1,78371.52,1452683.9
FAC-0848,Southwest,office,medium,47198.0,29672.0,6.6,0.109,0,849564.0,1,67679.0,1132641.28
FAC-0849,Midwest,retail,medium,27433.0,24297.0,3.83,0.097,0,603522.0,0,1811.55,0.0
FAC-0850,Southeast,retail,large,171317.0,110453.0,5.15,0.11,0,3768978.0,1,186467.97,1933185.99
FAC-0851,Southwest,warehouse,small,14412.0,11022.0,7.1,0.092,1,115293.0,0,335.86,0.0
FAC-0852,Southwest,retail,small,16141.0,10953.0,6.91,0.101,0,355101.0,0,965.11,0.0
FAC-0853,Midwest,retail,small,19934.0,16757.0,4.49,0.103,0,438551.0,0,1647.39,0.0
FAC-0854,Pacific,retail,medium,79344.0,58640.0,5.06,0.155,1,1745578.0,1,174658.79,1575602.2
FAC-0855,Southwest,manufacturing,large,118538.0,87972.0,6.15,0.106,1,4148846.0,1,166106.76,1768682.07
FAC-0856,Northeast,manufacturing,small,13942.0,8690.0,3.46,0.153,1,487972.0,0,2219.26,0.0
FAC-0857,Midwest,manufacturing,large,160311.0,138481.0,3.9,0.115,1,5610895.0,1,136300.0,1495500.95
FAC-0858,Southeast,office,large,237107.0,192259.0,5.31,0.148,0,4267921.0,0,12400.5,0.0
FAC-0859,Southeast,retail,medium,37570.0,26098.0,5.52,0.092,0,826543.0,1,44840.26,1054280.4
FAC-0860,Northeast,warehouse,medium,50540.0,45232.0,3.57,0.201,1,404321.0,0,1079.12,0.0
FAC-0861,Southwest,office,small,16772.0,10477.0,6.39,0.076,0,301889.0,0,343.89,0.0
FAC-0862,Southwest,retail,medium,73894.0,66328.0,7.06,0.124,0,1625663.0,0,7017.39,0.0
FAC-0863,Northeast,retail,medium,44663.0,28134.0,4.43,0.148,1,982576.0,1,82419.23,593523.8
FAC-0864,Pacific,retail,small,15607.0,12833.0,6.63,0.16,1,343355.0,1,42226.11,296882.37
FAC-0865,Midwest,warehouse,large,174039.0,125848.0,3.81,0.09,1,1392313.0,0,3808.01,0.0
FAC-0866,Northeast,office,small,19163.0,15095.0,3.88,0.169,0,344940.0,0,1060.83,0.0
FAC-0867,Midwest,office,medium,32933.0,21619.0,5.24,0.099,1,592787.0,0,1052.63,0.0
FAC-0868,Midwest,warehouse,large,214855.0,192444.0,4.12,0.084,1,1718840.0,1,107593.5,1679268.6
FAC-0869,Southeast,office,medium,29355.0,18179.0,4.73,0.111,0,528392.0,0,1207.86,0.0
FAC-0870,Northeast,retail,small,16605.0,13822.0,4.59,0.131,1,365300.0,0,736.49,0.0
FAC-0871,Southeast,warehouse,large,142656.0,124614.0,5.72,0.105,0,1141249.0,1,100946.96,2438349.68
FAC-0872,Northeast,warehouse,medium,47080.0,31932.0,4.2,0.163,0,376641.0,0,2969.9,0.0
FAC-0873,Southwest,warehouse,medium,51684.0,35178.0,5.66,0.126,1,413468.0,0,849.01,0.0
FAC-0874,Southwest,manufacturing,small,16715.0,12207.0,6.44,0.086,0,585012.0,0,1211.26,0.0
FAC-0875,Midwest,warehouse,large,135462.0,120082.0,4.81,0.049,1,1083694.0,1,39682.76,1924658.45
FAC-0876,Pacific,warehouse,small,5091.0,4116.0,6.17,0.133,0,40731.0,1,3805.35,122725.5
FAC-0877,Northeast,warehouse,medium,65734.0,54778.0,3.77,0.14,1,525871.0,1,47936.65,1470188.18
FAC-0878,Midwest,warehouse,medium,60891.0,40419.0,3.79,0.074,1,487127.0,0,1466.62,0.0
FAC-0879,Southeast,warehouse,small,16894.0,11839.0,5.54,0.131,0,135148.0,0,193.59,0.0
FAC-0880,Southwest,office,medium,59924.0,39576.0,6.3,0.126,0,1078637.0,1,92867.55,1330638.22
FAC-0881,Pacific,manufacturing,medium,70533.0,50869.0,6.5,0.141,1,2468641.0,1,180182.4,1115051.83
FAC-0882,Southwest,warehouse,medium,28966.0,23130.0,6.02,0.127,1,231727.0,1,19295.39,620831.39
FAC-0883,Midwest,retail,medium,28067.0,22418.0,4.36,0.103,0,617483.0,0,3537.34,0.0
FAC-0884,Northeast,warehouse,large,164861.0,137450.0,3.91,0.162,0,1318889.0,1,169429.77,2011971.0
FAC-0885,Northeast,warehouse,medium,43271.0,36372.0,4.02,0.163,0,346166.0,1,37734.41,1074231.39
FAC-0886,Midwest,manufacturing,large,165285.0,120283.0,4.22,0.126,0,5784981.0,0,11568.06,0.0
FAC-0887,Southeast,office,large,270571.0,234620.0,4.18,0.082,0,4870285.0,0,4801.58,0.0
FAC-0888,Southwest,manufacturing,small,16031.0,10589.0,5.96,0.094,1,561092.0,0,1734.09,0.0
FAC-0889,Southwest,office,small,15782.0,13307.0,7.36,0.14,1,284073.0,0,1529.02,0.0
FAC-0890,Pacific,office,medium,32244.0,28218.0,5.2,0.132,1,580399.0,1,54206.44,558146.91
FAC-0891,Northeast,warehouse,large,224105.0,164438.0,3.56,0.18,0,1792843.0,1,147630.16,1955783.49
FAC-0892,Southwest,warehouse,medium,65192.0,54044.0,6.08,0.126,0,521536.0,0,1725.32,0.0
FAC-0893,Pacific,warehouse,medium,45632.0,37428.0,5.06,0.167,0,365057.0,0,985.0,0.0
FAC-0894,Pacific,warehouse,large,245995.0,200852.0,6.05,0.129,1,1967961.0,1,167386.46,1870675.64
FAC-0895,Southwest,warehouse,small,16157.0,12410.0,6.01,0.116,0,129252.0,0,680.58,0.0
FAC-0896,Northeast,warehouse,medium,57710.0,39104.0,3.22,0.156,0,461678.0,0,3135.16,0.0
FAC-0897,Northeast,retail,small,8728.0,5697.0,4.89,0.154,1,192017.0,1,14150.83,156340.56
FAC-0898,Pacific,retail,medium,39523.0,31072.0,6.72,0.114,0,869515.0,0,3415.37,0.0
FAC-0899,Southeast,manufacturing,medium,42569.0,30897.0,5.39,0.098,0,1489909.0,0,2608.81,0.0
FAC-0900,Southeast,manufacturing,medium,79041.0,55943.0,4.77,0.089,0,2766438.0,0,7873.81,0.0
FAC-0901,Southeast,warehouse,medium,23169.0,19636.0,5.09,0.085,0,185356.0,0,300.4,0.0
FAC-0902,Northeast,warehouse,small,5038.0,4476.0,4.24,0.106,1,40303.0,0,71.5,0.0
FAC-0903,Southwest,warehouse,large,157545.0,102729.0,6.58,0.086,1,1260357.0,1,69858.23,1744252.35
FAC-0904,Southwest,retail,small,13575.0,9976.0,6.59,0.108,0,298641.0,1,21710.88,399650.82
FAC-0905,Northeast,warehouse,medium,57471.0,38232.0,3.3,0.166,0,459769.0,0,2326.27,0.0
FAC-0906,Midwest,warehouse,medium,59912.0,51800.0,4.17,0.086,0,479298.0,0,1519.59,0.0
FAC-0907,Southwest,retail,large,105066.0,65686.0,7.49,0.084,0,2311461.0,0,6335.83,0.0
FAC-0908,Northeast,retail,small,10626.0,9161.0,3.83,0.171,1,233763.0,0,2043.83,0.0
FAC-0909,Pacific,retail,large,299152.0,189951.0,6.74,0.14,1,6581351.0,1,250685.82,1833576.57
FAC-0910,Pacific,office,small,19092.0,13979.0,6.94,0.147,0,343660.0,0,1708.96,0.0
FAC-0911,Midwest,manufacturing,medium,30193.0,20676.0,4.72,0.074,0,1056754.0,0,1579.8,0.0
FAC-0912,Pacific,office,small,17741.0,12884.0,5.65,0.155,0,319344.0,1,28338.51,350543.41
FAC-0913,Southwest,manufacturing,medium,34257.0,30073.0,6.76,0.099,0,1199005.0,0,1628.37,0.0
FAC-0914,Southwest,manufacturing,small,7756.0,6796.0,6.84,0.105,0,271463.0,1,16987.68,190209.64
FAC-0915,Southeast,manufacturing,large,89507.0,79867.0,5.22,0.105,0,3132745.0,0,4956.57,0.0
FAC-0916,Pacific,retail,medium,44857.0,34748.0,6.07,0.179,1,986845.0,1,105788.68,809254.8
FAC-0917,Southeast,warehouse,medium,60437.0,44315.0,4.82,0.122,0,483493.0,0,2959.78,0.0
FAC-0918,Pacific,manufacturing,medium,53631.0,40518.0,5.72,0.154,0,1877097.0,0,2846.55,0.0
FAC-0919,Southwest,warehouse,large,122752.0,109517.0,6.81,0.134,0,982014.0,0,5124.8,0.0
FAC-0920,Midwest,retail,medium,52654.0,41471.0,4.76,0.111,0,1158393.0,0,2680.21,0.0
FAC-0921,Midwest,warehouse,small,10144.0,7308.0,3.86,0.079,1,81152.0,1,4492.92,229990.76
FAC-0922,Southwest,office,small,11925.0,7874.0,6.87,0.129,0,214648.0,0,1302.94,0.0
FAC-0923,Southwest,manufacturing,medium,39855.0,35376.0,5.74,0.122,1,1394908.0,1,85416.77,740326.78
FAC-0924,Southwest,manufacturing,small,15550.0,10181.0,5.82,0.145,0,544254.0,0,3457.96,0.0
FAC-0925,Southwest,manufacturing,small,19165.0,15880.0,5.76,0.107,0,670774.0,1,37246.57,565189.29
FAC-0926,Northeast,office,small,5769.0,4433.0,4.16,0.198,1,103843.0,1,16553.65,126953.27
FAC-0927,Southeast,office,small,6398.0,4198.0,4.77,0.124,1,115168.0,0,689.09,0.0
FAC-0928,Pacific,office,large,202910.0,173487.0,5.8,0.144,1,3652379.0,1,250747.35,2102291.84
FAC-0929,Northeast,manufacturing,large,268174.0,215221.0,4.24,0.151,0,9386088.0,1,165721.04,2227659.7
FAC-0930,Midwest,office,large,252462.0,219430.0,3.74,0.083,0,4544309.0,0,6097.59,0.0
FAC-0931,Southwest,retail,medium,61618.0,54759.0,6.37,0.103,1,1355598.0,0,5336.65,0.0
FAC-0932,Midwest,warehouse,medium,49021.0,35903.0,3.87,0.07,1,392167.0,1,16430.89,785904.61
FAC-0933,Midwest,manufacturing,medium,54871.0,33276.0,4.45,0.086,0,1920489.0,1,51545.97,1246735.64
FAC-0934,Southeast,manufacturing,medium,71241.0,44127.0,4.53,0.112,0,2493433.0,0,10610.44,0.0
FAC-0935,Southwest,warehouse,medium,20080.0,13373.0,6.13,0.096,0,160640.0,1,10615.85,526985.16
FAC-0936,Midwest,office,medium,75914.0,52512.0,3.83,0.087,0,1366455.0,0,1655.17,0.0
FAC-0937,Pacific,manufacturing,medium,54285.0,43305.0,5.09,0.14,1,1899964.0,1,125757.31,946023.12
FAC-0938,Southeast,retail,medium,64632.0,44790.0,4.39,0.076,0,1421902.0,1,57386.58,1483522.36
FAC-0939,Northeast,office,small,12526.0,10776.0,4.92,0.139,1,225460.0,1,19294.72,252674.24
FAC-0940,Midwest,retail,small,17186.0,11586.0,4.52,0.087,0,378093.0,0,1524.08,0.0
FAC-0941,Midwest,warehouse,small,15998.0,11080.0,4.64,0.066,0,127985.0,1,5337.2,348500.14
FAC-0942,Southwest,warehouse,large,185835.0,114057.0,5.89,0.139,0,1486678.0,1,148848.65,2082146.28
FAC-0943,Pacific,warehouse,small,5558.0,4101.0,5.96,0.147,0,44461.0,0,297.65,0.0
FAC-0944,Midwest,manufacturing,large,137740.0,96222.0,4.59,0.053,0,4820914.0,0,6271.01,0.0
FAC-0945,Southeast,manufacturing,medium,65296.0,56578.0,5.4,0.126,0,2285357.0,1,129410.83,2016429.5
FAC-0946,Pacific,office,small,17493.0,15694.0,5.56,0.118,0,314868.0,0,1383.04,0.0
FAC-0947,Southwest,warehouse,medium,35033.0,25972.0,6.55,0.096,0,280261.0,0,328.6,0.0
FAC-0948,Midwest,manufacturing,small,19873.0,13338.0,5.06,0.086,1,695542.0,1,20039.33,408772.65
FAC-0949,Southwest,manufacturing,medium,59385.0,36628.0,7.23,0.138,1,2078468.0,0,8762.02,0.0
FAC-0950,Pacific,manufacturing,medium,52980.0,46535.0,5.36,0.122,1,1854306.0,1,105267.34,1389652.78
FAC-0951,Pacific,office,small,6248.0,4487.0,6.36,0.133,1,112469.0,1,9244.39,132552.56
FAC-0952,Southeast,retail,medium,73349.0,58940.0,5.89,0.143,0,1613671.0,1,174976.91,1748106.41
FAC-0953,Pacific,warehouse,medium,25454.0,15760.0,5.88,0.164,0,203631.0,0,753.28,0.0
FAC-0954,Southwest,retail,medium,28714.0,25270.0,7.76,0.146,0,631707.0,0,2700.02,0.0
FAC-0955,Southwest,warehouse,small,16501.0,14574.0,6.54,0.095,1,132005.0,0,521.33,0.0
FAC-0956,Northeast,manufacturing,medium,23131.0,15174.0,3.94,0.132,1,809588.0,1,31048.16,339685.56
FAC-0957,Southeast,retail,medium,28013.0,23084.0,4.7,0.096,1,616297.0,1,36109.95,535768.92
FAC-0958,Pacific,office,medium,49835.0,43248.0,6.43,0.165,0,897025.0,0,4788.04,0.0
FAC-0959,Northeast,manufacturing,medium,58637.0,47833.0,4.47,0.166,0,2052279.0,0,8185.74,0.0
FAC-0960,Southwest,manufacturing,medium,41689.0,27537.0,6.81,0.081,0,1459105.0,0,4422.48,0.0
FAC-0961,Pacific,warehouse,large,143040.0,127546.0,5.57,0.099,0,1144323.0,0,2803.37,0.0
FAC-0962,Pacific,retail,large,119458.0,92217.0,5.78,0.169,1,2628070.0,0,6909.38,0.0
FAC-0963,Pacific,warehouse,small,6937.0,5706.0,5.91,0.071,1,55496.0,0,77.59,0.0
FAC-0964,Pacific,office,large,106852.0,70180.0,5.94,0.111,0,1923333.0,0,3340.33,0.0
FAC-0965,Southwest,retail,small,19312.0,12678.0,6.38,0.097,1,424871.0,0,1526.62,0.0
FAC-0966,Midwest,retail,small,17418.0,11873.0,4.62,0.078,0,383197.0,1,14069.93,326410.58
FAC-0967,Southeast,warehouse,small,7891.0,6677.0,5.55,0.097,1,63131.0,1,3218.89,208564.42
FAC-0968,Midwest,warehouse,medium,65526.0,50485.0,4.78,0.103,0,524207.0,0,2937.3,0.0
FAC-0969,Midwest,retail,medium,41308.0,28036.0,3.53,0.105,1,908776.0,0,3239.21,0.0
FAC-0970,Southeast,manufacturing,small,16433.0,14616.0,5.62,0.103,0,575140.0,0,620.11,0.0
FAC-0971,Midwest,office,small,9072.0,7636.0,4.76,0.097,1,163294.0,1,9674.15,209208.96
FAC-0972,Southwest,warehouse,small,19606.0,13184.0,6.1,0.11,1,156850.0,1,12153.16,414205.16
FAC-0973,Southeast,retail,medium,47813.0,30526.0,4.8,0.064,1,1051889.0,1,32253.11,853022.1
FAC-0974,Northeast,warehouse,medium,55005.0,34591.0,4.34,0.152,1,440039.0,0,1725.53,0.0
FAC-0975,Southeast,retail,medium,60183.0,40752.0,4.8,0.085,0,1324034.0,0,4912.42,0.0
FAC-0976,Pacific,warehouse,medium,40758.0,36084.0,4.31,0.115,0,326067.0,1,24819.34,954839.45
FAC-0977,Southwest,manufacturing,medium,37531.0,28744.0,6.79,0.126,1,1313571.0,0,2872.07,0.0
FAC-0978,Southeast,manufacturing,large,162939.0,142824.0,5.48,0.091,1,5702848.0,1,178435.25,2085191.68
FAC-0979,Midwest,office,large,134221.0,86299.0,4.41,0.064,1,2415981.0,1,86672.55,1905285.88
FAC-0980,Southeast,warehouse,large,120362.0,96738.0,5.0,0.13,0,962897.0,1,81403.54,2143569.91
FAC-0981,Pacific,office,small,12986.0,10727.0,5.76,0.137,0,233748.0,0,618.1,0.0
FAC-0982,Northeast,warehouse,large,292070.0,256792.0,4.06,0.192,1,2336558.0,1,234252.12,1571006.48
FAC-0983,Northeast,warehouse,medium,26793.0,18154.0,4.11,0.147,1,214346.0,1,21904.71,398007.2
FAC-0984,Southeast,office,large,167744.0,138408.0,5.11,0.143,0,3019393.0,0,11078.37,0.0
FAC-0985,Pacific,retail,large,138404.0,91710.0,7.08,0.129,1,3044890.0,1,276514.38,1699955.62
FAC-0986,Midwest,warehouse,small,6495.0,5628.0,4.72,0.059,0,51959.0,0,72.38,0.0
FAC-0987,Southwest,manufacturing,small,6104.0,3805.0,6.54,0.141,0,213650.0,0,1185.5,0.0
FAC-0988,Northeast,office,large,292509.0,220639.0,4.81,0.157,0,5265163.0,0,17823.75,0.0
FAC-0989,Northeast,office,small,18970.0,14757.0,4.31,0.153,0,341467.0,1,36764.67,613314.01
FAC-0990,Southwest,office,small,16216.0,12363.0,6.44,0.12,1,291897.0,0,1385.52,0.0
FAC-0991,Pacific,retail,medium,64107.0,44301.0,6.65,0.126,0,1410353.0,1,149489.82,1239994.09
FAC-0992,Pacific,warehouse,medium,36950.0,26067.0,5.83,0.137,1,295599.0,0,1094.83,0.0
FAC-0993,Midwest,manufacturing,small,9200.0,6716.0,4.95,0.127,0,321993.0,0,493.08,0.0
FAC-0994,Midwest,office,medium,52241.0,39359.0,5.21,0.114,1,940346.0,1,73426.79,965256.42
FAC-0995,Southwest,retail,large,269360.0,162862.0,6.67,0.103,0,5925926.0,0,13902.36,0.0
FAC-0996,Pacific,office,small,16613.0,14036.0,6.21,0.105,1,299026.0,1,20860.45,333900.84
FAC-0997,Northeast,office,medium,37769.0,27421.0,3.81,0.16,0,679847.0,1,51698.46,786157.44
FAC-0998,Midwest,manufacturing,medium,73300.0,61834.0,4.75,0.112,0,2565484.0,0,13158.85,0.0
FAC-0999,Southwest,warehouse,small,8748.0,7838.0,6.98,0.127,0,69987.0,0,197.74,0.0
